"DFU","Period","Demand","Opening.Inventories","Supply.Plan","Min.Stocks.Coverage","Max.Stocks.Coverage"
"Item 000001",2022-07-03,364,6570,0,4,8
"Item 000002",2022-07-03,1419,5509,0,4,6
"Item 000003",2022-07-03,265,2494,0,4,12
"Item 000004",2022-07-03,1296,7172,0,6,6
"Item 000005",2022-07-03,265,1464,0,4,12
"Item 000006",2022-07-03,1141,9954,0,6,6
"Item 000007",2022-07-03,126,2092,0,4,8
"Item 000008",2022-07-03,6859,17772,0,6,10
"Item 000009",2022-07-03,66,1222,0,4,12
"Item 000010",2022-07-03,380,3411,0,4,12
"Item 000011",2022-07-03,7,238,0,4,8
"Item 000012",2022-07-03,61,1471,0,4,12
"Item 000013",2022-07-03,1289,11942,0,6,10
"Item 000014",2022-07-03,667,1186,0,6,10
"Item 000015",2022-07-03,246,959,0,6,12
"Item 000016",2022-07-03,3466,3253,0,6,10
"Item 000017",2022-07-03,103,1125,0,4,12
"Item 000018",2022-07-03,625,1174,0,6,8
"Item 000019",2022-07-03,41,170,0,4,26
"Item 000020",2022-07-03,2331,3632,1585,6,10
"Item 000021",2022-07-03,181,2533,2079,4,12
"Item 000022",2022-07-03,73,452,0,6,12
"Item 000023",2022-07-03,768,1946,575,6,26
"Item 000024",2022-07-03,196,213,0,6,26
"Item 000025",2022-07-03,34,108,0,4,12
"Item 000026",2022-07-03,2772,6583,0,4,8
"Item 000027",2022-07-03,428,5220,0,4,8
"Item 000028",2022-07-03,1921,28046,0,6,10
"Item 000029",2022-07-03,610,1557,525,4,12
"Item 000030",2022-07-03,621,10176,0,4,12
"Item 000031",2022-07-03,919,8797,0,6,8
"Item 000032",2022-07-03,818,8874,0,6,8
"Item 000033",2022-07-03,982,9574,0,6,8
"Item 000034",2022-07-03,835,8188,0,6,8
"Item 000035",2022-07-03,978,9455,0,6,8
"Item 000036",2022-07-03,943,8990,0,6,8
"Item 000037",2022-07-03,667,8854,0,6,8
"Item 000038",2022-07-03,928,9059,0,6,8
"Item 000039",2022-07-03,514,7905,0,6,8
"Item 000040",2022-07-03,701,8682,0,6,8
"Item 000041",2022-07-03,891,9200,0,6,8
"Item 000042",2022-07-03,925,9765,0,6,8
"Item 000043",2022-07-03,888,8995,0,6,8
"Item 000044",2022-07-03,668,9221,0,6,8
"Item 000045",2022-07-03,737,9525,0,6,8
"Item 000046",2022-07-03,727,9354,0,6,8
"Item 000047",2022-07-03,809,9647,0,6,8
"Item 000048",2022-07-03,546,8214,0,6,8
"Item 000049",2022-07-03,818,8963,0,6,8
"Item 000050",2022-07-03,887,8527,0,6,8
"Item 000001",2022-07-10,364,0,0,4,8
"Item 000002",2022-07-10,1419,0,0,4,6
"Item 000003",2022-07-10,265,0,6733,4,12
"Item 000004",2022-07-10,1296,0,0,6,6
"Item 000005",2022-07-10,265,0,0,4,12
"Item 000006",2022-07-10,1141,0,0,6,6
"Item 000007",2022-07-10,126,0,0,4,8
"Item 000008",2022-07-10,6859,0,0,6,10
"Item 000009",2022-07-10,66,0,0,4,12
"Item 000010",2022-07-10,380,0,0,4,12
"Item 000011",2022-07-10,7,0,0,4,8
"Item 000012",2022-07-10,61,0,0,4,12
"Item 000013",2022-07-10,1289,0,0,6,10
"Item 000014",2022-07-10,667,0,0,6,10
"Item 000015",2022-07-10,246,0,0,6,12
"Item 000016",2022-07-10,3466,0,7280,6,10
"Item 000017",2022-07-10,103,0,784,4,12
"Item 000018",2022-07-10,625,0,3666,6,8
"Item 000019",2022-07-10,41,0,0,4,26
"Item 000020",2022-07-10,2331,0,0,6,10
"Item 000021",2022-07-10,322,0,0,4,12
"Item 000022",2022-07-10,73,0,0,6,12
"Item 000023",2022-07-10,768,0,0,6,26
"Item 000024",2022-07-10,196,0,0,6,26
"Item 000025",2022-07-10,34,0,0,4,12
"Item 000026",2022-07-10,2772,0,0,4,8
"Item 000027",2022-07-10,428,0,0,4,8
"Item 000028",2022-07-10,1921,0,0,6,10
"Item 000029",2022-07-10,890,0,0,4,12
"Item 000030",2022-07-10,847,0,0,4,12
"Item 000031",2022-07-10,641,0,0,6,8
"Item 000032",2022-07-10,887,0,0,6,8
"Item 000033",2022-07-10,976,0,0,6,8
"Item 000034",2022-07-10,850,0,0,6,8
"Item 000035",2022-07-10,604,0,0,6,8
"Item 000036",2022-07-10,709,0,10,6,8
"Item 000037",2022-07-10,579,0,0,6,8
"Item 000038",2022-07-10,636,0,0,6,8
"Item 000039",2022-07-10,984,0,0,6,8
"Item 000040",2022-07-10,938,0,0,6,8
"Item 000041",2022-07-10,634,0,0,6,8
"Item 000042",2022-07-10,855,0,0,6,8
"Item 000043",2022-07-10,799,0,0,6,8
"Item 000044",2022-07-10,970,0,0,6,8
"Item 000045",2022-07-10,902,0,0,6,8
"Item 000046",2022-07-10,654,0,0,6,8
"Item 000047",2022-07-10,575,0,0,6,8
"Item 000048",2022-07-10,567,0,0,6,8
"Item 000049",2022-07-10,767,0,0,6,8
"Item 000050",2022-07-10,929,0,0,6,8
"Item 000001",2022-07-17,364,0,0,4,8
"Item 000002",2022-07-17,1419,0,0,4,6
"Item 000003",2022-07-17,265,0,0,4,12
"Item 000004",2022-07-17,1296,0,0,6,6
"Item 000005",2022-07-17,265,0,0,4,12
"Item 000006",2022-07-17,1141,0,0,6,6
"Item 000007",2022-07-17,126,0,0,4,8
"Item 000008",2022-07-17,6859,0,12012,6,10
"Item 000009",2022-07-17,66,0,0,4,12
"Item 000010",2022-07-17,380,0,0,4,12
"Item 000011",2022-07-17,7,0,3072,4,8
"Item 000012",2022-07-17,61,0,1920,4,12
"Item 000013",2022-07-17,1289,0,7816,6,10
"Item 000014",2022-07-17,667,0,0,6,10
"Item 000015",2022-07-17,246,0,0,6,12
"Item 000016",2022-07-17,3466,0,0,6,10
"Item 000017",2022-07-17,103,0,0,4,12
"Item 000018",2022-07-17,625,0,0,6,8
"Item 000019",2022-07-17,41,0,0,4,26
"Item 000020",2022-07-17,2331,0,0,6,10
"Item 000021",2022-07-17,322,0,0,4,12
"Item 000022",2022-07-17,73,0,0,6,12
"Item 000023",2022-07-17,768,0,1,6,26
"Item 000024",2022-07-17,196,0,0,6,26
"Item 000025",2022-07-17,34,0,770,4,12
"Item 000026",2022-07-17,2772,0,5544,4,8
"Item 000027",2022-07-17,428,0,0,4,8
"Item 000028",2022-07-17,1921,0,0,6,10
"Item 000029",2022-07-17,996,0,0,4,12
"Item 000030",2022-07-17,897,0,0,4,12
"Item 000031",2022-07-17,832,0,0,6,8
"Item 000032",2022-07-17,944,0,0,6,8
"Item 000033",2022-07-17,554,0,0,6,8
"Item 000034",2022-07-17,620,0,0,6,8
"Item 000035",2022-07-17,711,0,0,6,8
"Item 000036",2022-07-17,528,0,0,6,8
"Item 000037",2022-07-17,981,0,0,6,8
"Item 000038",2022-07-17,571,0,0,6,8
"Item 000039",2022-07-17,515,0,0,6,8
"Item 000040",2022-07-17,960,0,0,6,8
"Item 000041",2022-07-17,888,0,0,6,8
"Item 000042",2022-07-17,930,0,0,6,8
"Item 000043",2022-07-17,971,0,0,6,8
"Item 000044",2022-07-17,636,0,0,6,8
"Item 000045",2022-07-17,939,0,0,6,8
"Item 000046",2022-07-17,934,0,0,6,8
"Item 000047",2022-07-17,622,0,0,6,8
"Item 000048",2022-07-17,629,0,0,6,8
"Item 000049",2022-07-17,995,0,0,6,8
"Item 000050",2022-07-17,519,0,0,6,8
"Item 000001",2022-07-24,260,0,0,4,8
"Item 000002",2022-07-24,1014,0,10367,4,6
"Item 000003",2022-07-24,189,0,0,4,12
"Item 000004",2022-07-24,926,0,0,6,6
"Item 000005",2022-07-24,189,0,0,4,12
"Item 000006",2022-07-24,815,0,7980,6,6
"Item 000007",2022-07-24,90,0,2593,4,8
"Item 000008",2022-07-24,4900,0,0,6,10
"Item 000009",2022-07-24,48,0,0,4,12
"Item 000010",2022-07-24,272,0,0,4,12
"Item 000011",2022-07-24,5,0,0,4,8
"Item 000012",2022-07-24,43,0,0,4,12
"Item 000013",2022-07-24,921,0,0,6,10
"Item 000014",2022-07-24,476,0,0,6,10
"Item 000015",2022-07-24,176,0,0,6,12
"Item 000016",2022-07-24,2476,0,12656,6,10
"Item 000017",2022-07-24,74,0,0,4,12
"Item 000018",2022-07-24,447,0,0,6,8
"Item 000019",2022-07-24,29,0,0,4,26
"Item 000020",2022-07-24,1665,0,0,6,10
"Item 000021",2022-07-24,322,0,0,4,12
"Item 000022",2022-07-24,52,0,0,6,12
"Item 000023",2022-07-24,549,0,0,6,26
"Item 000024",2022-07-24,140,0,0,6,26
"Item 000025",2022-07-24,24,0,0,4,12
"Item 000026",2022-07-24,1980,0,0,4,8
"Item 000027",2022-07-24,367,0,0,4,8
"Item 000028",2022-07-24,1647,0,0,6,10
"Item 000029",2022-07-24,960,0,0,4,12
"Item 000030",2022-07-24,968,0,0,4,12
"Item 000031",2022-07-24,813,0,0,6,8
"Item 000032",2022-07-24,931,0,0,6,8
"Item 000033",2022-07-24,618,0,0,6,8
"Item 000034",2022-07-24,788,0,0,6,8
"Item 000035",2022-07-24,759,0,0,6,8
"Item 000036",2022-07-24,665,0,0,6,8
"Item 000037",2022-07-24,685,0,0,6,8
"Item 000038",2022-07-24,640,0,0,6,8
"Item 000039",2022-07-24,560,0,0,6,8
"Item 000040",2022-07-24,618,0,0,6,8
"Item 000041",2022-07-24,800,0,0,6,8
"Item 000042",2022-07-24,547,0,0,6,8
"Item 000043",2022-07-24,556,0,0,6,8
"Item 000044",2022-07-24,732,0,0,6,8
"Item 000045",2022-07-24,863,0,0,6,8
"Item 000046",2022-07-24,785,0,0,6,8
"Item 000047",2022-07-24,999,0,0,6,8
"Item 000048",2022-07-24,559,0,0,6,8
"Item 000049",2022-07-24,688,0,0,6,8
"Item 000050",2022-07-24,864,0,0,6,8
"Item 000001",2022-07-31,736,0,0,4,8
"Item 000002",2022-07-31,721,0,0,4,6
"Item 000003",2022-07-31,29,0,0,4,12
"Item 000004",2022-07-31,678,0,0,6,6
"Item 000005",2022-07-31,59,0,0,4,12
"Item 000006",2022-07-31,1466,0,0,6,6
"Item 000007",2022-07-31,325,0,0,4,8
"Item 000008",2022-07-31,1358,0,10000,6,10
"Item 000009",2022-07-31,85,0,0,4,12
"Item 000010",2022-07-31,169,0,0,4,12
"Item 000011",2022-07-31,364,0,0,4,8
"Item 000012",2022-07-31,142,0,0,4,12
"Item 000013",2022-07-31,1040,0,0,6,10
"Item 000014",2022-07-31,53,0,0,6,10
"Item 000015",2022-07-31,82,0,0,6,12
"Item 000016",2022-07-31,1990,0,8594,6,10
"Item 000017",2022-07-31,89,0,0,4,12
"Item 000018",2022-07-31,306,0,0,6,8
"Item 000019",2022-07-31,62,0,0,4,26
"Item 000020",2022-07-31,892,0,0,6,10
"Item 000021",2022-07-31,255,0,0,4,12
"Item 000022",2022-07-31,138,0,0,6,12
"Item 000023",2022-07-31,141,0,0,6,26
"Item 000024",2022-07-31,101,0,840,6,26
"Item 000025",2022-07-31,91,0,0,4,12
"Item 000026",2022-07-31,839,0,2904,4,8
"Item 000027",2022-07-31,428,0,0,4,8
"Item 000028",2022-07-31,2026,0,0,6,10
"Item 000029",2022-07-31,797,0,0,4,12
"Item 000030",2022-07-31,917,0,0,4,12
"Item 000031",2022-07-31,653,0,0,6,8
"Item 000032",2022-07-31,867,0,0,6,8
"Item 000033",2022-07-31,791,0,0,6,8
"Item 000034",2022-07-31,510,0,0,6,8
"Item 000035",2022-07-31,509,0,0,6,8
"Item 000036",2022-07-31,636,0,0,6,8
"Item 000037",2022-07-31,814,0,0,6,8
"Item 000038",2022-07-31,586,0,0,6,8
"Item 000039",2022-07-31,686,0,0,6,8
"Item 000040",2022-07-31,885,0,0,6,8
"Item 000041",2022-07-31,675,0,0,6,8
"Item 000042",2022-07-31,776,0,0,6,8
"Item 000043",2022-07-31,827,0,0,6,8
"Item 000044",2022-07-31,655,0,0,6,8
"Item 000045",2022-07-31,890,0,0,6,8
"Item 000046",2022-07-31,993,0,0,6,8
"Item 000047",2022-07-31,901,0,0,6,8
"Item 000048",2022-07-31,503,0,0,6,8
"Item 000049",2022-07-31,552,0,0,6,8
"Item 000050",2022-07-31,697,0,0,6,8
"Item 000001",2022-08-07,859,0,0,4,8
"Item 000002",2022-08-07,841,0,0,4,6
"Item 000003",2022-08-07,34,0,0,4,12
"Item 000004",2022-08-07,791,0,0,6,6
"Item 000005",2022-08-07,69,0,0,4,12
"Item 000006",2022-08-07,1711,0,0,6,6
"Item 000007",2022-08-07,379,0,0,4,8
"Item 000008",2022-08-07,1585,0,0,6,10
"Item 000009",2022-08-07,100,0,0,4,12
"Item 000010",2022-08-07,197,0,600,4,12
"Item 000011",2022-08-07,424,0,0,4,8
"Item 000012",2022-08-07,166,0,0,4,12
"Item 000013",2022-08-07,1213,0,0,6,10
"Item 000014",2022-08-07,62,0,0,6,10
"Item 000015",2022-08-07,53,0,0,6,12
"Item 000016",2022-08-07,2322,0,0,6,10
"Item 000017",2022-08-07,104,0,0,4,12
"Item 000018",2022-08-07,357,0,0,6,8
"Item 000019",2022-08-07,63,0,0,4,26
"Item 000020",2022-08-07,1040,0,8811,6,10
"Item 000021",2022-08-07,298,0,0,4,12
"Item 000022",2022-08-07,161,0,0,6,12
"Item 000023",2022-08-07,165,0,0,6,26
"Item 000024",2022-08-07,117,0,0,6,26
"Item 000025",2022-08-07,107,0,0,4,12
"Item 000026",2022-08-07,979,0,0,4,8
"Item 000027",2022-08-07,599,0,0,4,8
"Item 000028",2022-08-07,2836,0,0,6,10
"Item 000029",2022-08-07,510,0,0,4,12
"Item 000030",2022-08-07,872,0,0,4,12
"Item 000031",2022-08-07,747,0,0,6,8
"Item 000032",2022-08-07,675,0,0,6,8
"Item 000033",2022-08-07,918,0,0,6,8
"Item 000034",2022-08-07,738,0,0,6,8
"Item 000035",2022-08-07,956,0,0,6,8
"Item 000036",2022-08-07,554,0,0,6,8
"Item 000037",2022-08-07,590,0,0,6,8
"Item 000038",2022-08-07,987,0,0,6,8
"Item 000039",2022-08-07,609,0,0,6,8
"Item 000040",2022-08-07,501,0,0,6,8
"Item 000041",2022-08-07,811,0,0,6,8
"Item 000042",2022-08-07,664,0,0,6,8
"Item 000043",2022-08-07,595,0,0,6,8
"Item 000044",2022-08-07,902,0,0,6,8
"Item 000045",2022-08-07,774,0,0,6,8
"Item 000046",2022-08-07,545,0,0,6,8
"Item 000047",2022-08-07,751,0,0,6,8
"Item 000048",2022-08-07,526,0,0,6,8
"Item 000049",2022-08-07,665,0,0,6,8
"Item 000050",2022-08-07,582,0,0,6,8
"Item 000001",2022-08-14,859,0,0,4,8
"Item 000002",2022-08-14,841,0,0,4,6
"Item 000003",2022-08-14,34,0,0,4,12
"Item 000004",2022-08-14,791,0,0,6,6
"Item 000005",2022-08-14,69,0,0,4,12
"Item 000006",2022-08-14,1711,0,0,6,6
"Item 000007",2022-08-14,379,0,0,4,8
"Item 000008",2022-08-14,1585,0,0,6,10
"Item 000009",2022-08-14,100,0,0,4,12
"Item 000010",2022-08-14,197,0,0,4,12
"Item 000011",2022-08-14,424,0,1344,4,8
"Item 000012",2022-08-14,166,0,0,4,12
"Item 000013",2022-08-14,1213,0,4928,6,10
"Item 000014",2022-08-14,62,0,0,6,10
"Item 000015",2022-08-14,97,0,0,6,12
"Item 000016",2022-08-14,2322,0,0,6,10
"Item 000017",2022-08-14,104,0,0,4,12
"Item 000018",2022-08-14,357,0,0,6,8
"Item 000019",2022-08-14,82,0,0,4,26
"Item 000020",2022-08-14,1040,0,0,6,10
"Item 000021",2022-08-14,298,0,0,4,12
"Item 000022",2022-08-14,161,0,0,6,12
"Item 000023",2022-08-14,165,0,0,6,26
"Item 000024",2022-08-14,117,0,0,6,26
"Item 000025",2022-08-14,107,0,0,4,12
"Item 000026",2022-08-14,979,0,0,4,8
"Item 000027",2022-08-14,599,0,0,4,8
"Item 000028",2022-08-14,2836,0,0,6,10
"Item 000029",2022-08-14,721,0,0,4,12
"Item 000030",2022-08-14,545,0,0,4,12
"Item 000031",2022-08-14,561,0,0,6,8
"Item 000032",2022-08-14,602,0,0,6,8
"Item 000033",2022-08-14,527,0,0,6,8
"Item 000034",2022-08-14,536,0,0,6,8
"Item 000035",2022-08-14,882,0,0,6,8
"Item 000036",2022-08-14,836,0,0,6,8
"Item 000037",2022-08-14,940,0,0,6,8
"Item 000038",2022-08-14,979,0,0,6,8
"Item 000039",2022-08-14,684,0,0,6,8
"Item 000040",2022-08-14,545,0,0,6,8
"Item 000041",2022-08-14,935,0,0,6,8
"Item 000042",2022-08-14,911,0,0,6,8
"Item 000043",2022-08-14,500,0,0,6,8
"Item 000044",2022-08-14,725,0,0,6,8
"Item 000045",2022-08-14,754,0,0,6,8
"Item 000046",2022-08-14,834,0,0,6,8
"Item 000047",2022-08-14,910,0,0,6,8
"Item 000048",2022-08-14,676,0,0,6,8
"Item 000049",2022-08-14,577,0,0,6,8
"Item 000050",2022-08-14,817,0,0,6,8
"Item 000001",2022-08-21,859,0,0,4,8
"Item 000002",2022-08-21,841,0,0,4,6
"Item 000003",2022-08-21,34,0,0,4,12
"Item 000004",2022-08-21,791,0,11713,6,6
"Item 000005",2022-08-21,69,0,0,4,12
"Item 000006",2022-08-21,1711,0,0,6,6
"Item 000007",2022-08-21,379,0,0,4,8
"Item 000008",2022-08-21,1585,0,0,6,10
"Item 000009",2022-08-21,100,0,0,4,12
"Item 000010",2022-08-21,197,0,0,4,12
"Item 000011",2022-08-21,424,0,0,4,8
"Item 000012",2022-08-21,166,0,0,4,12
"Item 000013",2022-08-21,1213,0,0,6,10
"Item 000014",2022-08-21,62,0,0,6,10
"Item 000015",2022-08-21,100,0,1330,6,12
"Item 000016",2022-08-21,2322,0,0,6,10
"Item 000017",2022-08-21,104,0,0,4,12
"Item 000018",2022-08-21,357,0,0,6,8
"Item 000019",2022-08-21,82,0,0,4,26
"Item 000020",2022-08-21,1040,0,0,6,10
"Item 000021",2022-08-21,298,0,0,4,12
"Item 000022",2022-08-21,161,0,0,6,12
"Item 000023",2022-08-21,165,0,200,6,26
"Item 000024",2022-08-21,117,0,0,6,26
"Item 000025",2022-08-21,107,0,0,4,12
"Item 000026",2022-08-21,979,0,0,4,8
"Item 000027",2022-08-21,599,0,0,4,8
"Item 000028",2022-08-21,2836,0,0,6,10
"Item 000029",2022-08-21,763,0,0,4,12
"Item 000030",2022-08-21,896,0,0,4,12
"Item 000031",2022-08-21,941,0,0,6,8
"Item 000032",2022-08-21,559,0,0,6,8
"Item 000033",2022-08-21,602,0,0,6,8
"Item 000034",2022-08-21,579,0,0,6,8
"Item 000035",2022-08-21,923,0,0,6,8
"Item 000036",2022-08-21,975,0,0,6,8
"Item 000037",2022-08-21,554,0,0,6,8
"Item 000038",2022-08-21,788,0,0,6,8
"Item 000039",2022-08-21,581,0,0,6,8
"Item 000040",2022-08-21,615,0,0,6,8
"Item 000041",2022-08-21,717,0,0,6,8
"Item 000042",2022-08-21,578,0,0,6,8
"Item 000043",2022-08-21,760,0,0,6,8
"Item 000044",2022-08-21,873,0,0,6,8
"Item 000045",2022-08-21,763,0,0,6,8
"Item 000046",2022-08-21,551,0,0,6,8
"Item 000047",2022-08-21,895,0,0,6,8
"Item 000048",2022-08-21,537,0,0,6,8
"Item 000049",2022-08-21,869,0,0,6,8
"Item 000050",2022-08-21,566,0,0,6,8
"Item 000001",2022-08-28,273,0,0,4,8
"Item 000002",2022-08-28,1160,0,4753,4,6
"Item 000003",2022-08-28,23,0,0,4,12
"Item 000004",2022-08-28,560,0,0,6,6
"Item 000005",2022-08-28,40,0,1187,4,12
"Item 000006",2022-08-28,943,0,9576,6,6
"Item 000007",2022-08-28,251,0,0,4,8
"Item 000008",2022-08-28,2023,0,1453,6,10
"Item 000009",2022-08-28,15,0,0,4,12
"Item 000010",2022-08-28,93,0,0,4,12
"Item 000011",2022-08-28,215,0,0,4,8
"Item 000012",2022-08-28,84,0,0,4,12
"Item 000013",2022-08-28,634,0,0,6,10
"Item 000014",2022-08-28,46,0,455,6,10
"Item 000015",2022-08-28,61,0,0,6,12
"Item 000016",2022-08-28,1144,0,0,6,10
"Item 000017",2022-08-28,38,0,0,4,12
"Item 000018",2022-08-28,256,0,0,6,8
"Item 000019",2022-08-28,9,0,0,4,26
"Item 000020",2022-08-28,784,0,0,6,10
"Item 000021",2022-08-28,181,0,0,4,12
"Item 000022",2022-08-28,36,0,660,6,12
"Item 000023",2022-08-28,88,0,1680,6,26
"Item 000024",2022-08-28,50,0,560,6,26
"Item 000025",2022-08-28,26,0,0,4,12
"Item 000026",2022-08-28,140,0,0,4,8
"Item 000027",2022-08-28,318,0,0,4,8
"Item 000028",2022-08-28,1972,0,0,6,10
"Item 000029",2022-08-28,542,0,0,4,12
"Item 000030",2022-08-28,836,0,0,4,12
"Item 000031",2022-08-28,511,0,0,6,8
"Item 000032",2022-08-28,965,0,0,6,8
"Item 000033",2022-08-28,666,0,0,6,8
"Item 000034",2022-08-28,587,0,0,6,8
"Item 000035",2022-08-28,848,0,0,6,8
"Item 000036",2022-08-28,697,0,0,6,8
"Item 000037",2022-08-28,636,0,0,6,8
"Item 000038",2022-08-28,583,0,0,6,8
"Item 000039",2022-08-28,783,0,0,6,8
"Item 000040",2022-08-28,864,0,0,6,8
"Item 000041",2022-08-28,822,0,0,6,8
"Item 000042",2022-08-28,779,0,0,6,8
"Item 000043",2022-08-28,855,0,0,6,8
"Item 000044",2022-08-28,944,0,0,6,8
"Item 000045",2022-08-28,559,0,0,6,8
"Item 000046",2022-08-28,880,0,0,6,8
"Item 000047",2022-08-28,913,0,0,6,8
"Item 000048",2022-08-28,858,0,0,6,8
"Item 000049",2022-08-28,722,0,0,6,8
"Item 000050",2022-08-28,550,0,0,6,8
"Item 000001",2022-09-04,349,0,0,4,8
"Item 000002",2022-09-04,2427,0,0,4,6
"Item 000003",2022-09-04,42,0,0,4,12
"Item 000004",2022-09-04,1042,0,0,6,6
"Item 000005",2022-09-04,69,0,0,4,12
"Item 000006",2022-09-04,1630,0,0,6,6
"Item 000007",2022-09-04,460,0,0,4,8
"Item 000008",2022-09-04,4191,0,2244,6,10
"Item 000009",2022-09-04,54,0,0,4,12
"Item 000010",2022-09-04,151,0,0,4,12
"Item 000011",2022-09-04,361,0,0,4,8
"Item 000012",2022-09-04,140,0,0,4,12
"Item 000013",2022-09-04,1074,0,0,6,10
"Item 000014",2022-09-04,86,0,0,6,10
"Item 000015",2022-09-04,141,0,0,6,12
"Item 000016",2022-09-04,1896,0,0,6,10
"Item 000017",2022-09-04,53,0,0,4,12
"Item 000018",2022-09-04,477,0,0,6,8
"Item 000019",2022-09-04,21,0,0,4,26
"Item 000020",2022-09-04,1483,0,1189,6,10
"Item 000021",2022-09-04,322,0,0,4,12
"Item 000022",2022-09-04,31,0,0,6,12
"Item 000023",2022-09-04,150,0,0,6,26
"Item 000024",2022-09-04,78,0,0,6,26
"Item 000025",2022-09-04,25,0,0,4,12
"Item 000026",2022-09-04,80,0,0,4,8
"Item 000027",2022-09-04,342,0,0,4,8
"Item 000028",2022-09-04,2710,0,0,6,10
"Item 000029",2022-09-04,571,0,0,4,12
"Item 000030",2022-09-04,907,0,0,4,12
"Item 000031",2022-09-04,990,0,0,6,8
"Item 000032",2022-09-04,598,0,0,6,8
"Item 000033",2022-09-04,993,0,0,6,8
"Item 000034",2022-09-04,777,0,0,6,8
"Item 000035",2022-09-04,993,0,0,6,8
"Item 000036",2022-09-04,798,0,0,6,8
"Item 000037",2022-09-04,953,0,0,6,8
"Item 000038",2022-09-04,1000,0,0,6,8
"Item 000039",2022-09-04,755,0,0,6,8
"Item 000040",2022-09-04,542,0,0,6,8
"Item 000041",2022-09-04,763,0,0,6,8
"Item 000042",2022-09-04,936,0,0,6,8
"Item 000043",2022-09-04,573,0,0,6,8
"Item 000044",2022-09-04,991,0,0,6,8
"Item 000045",2022-09-04,846,0,0,6,8
"Item 000046",2022-09-04,946,0,0,6,8
"Item 000047",2022-09-04,841,0,0,6,8
"Item 000048",2022-09-04,961,0,0,6,8
"Item 000049",2022-09-04,577,0,0,6,8
"Item 000050",2022-09-04,592,0,0,6,8
"Item 000001",2022-09-11,349,0,0,4,8
"Item 000002",2022-09-11,2427,0,0,4,6
"Item 000003",2022-09-11,42,0,0,4,12
"Item 000004",2022-09-11,1042,0,0,6,6
"Item 000005",2022-09-11,69,0,0,4,12
"Item 000006",2022-09-11,1630,0,0,6,6
"Item 000007",2022-09-11,460,0,0,4,8
"Item 000008",2022-09-11,4191,0,0,6,10
"Item 000009",2022-09-11,54,0,0,4,12
"Item 000010",2022-09-11,151,0,0,4,12
"Item 000011",2022-09-11,361,0,0,4,8
"Item 000012",2022-09-11,140,0,0,4,12
"Item 000013",2022-09-11,1074,0,0,6,10
"Item 000014",2022-09-11,86,0,0,6,10
"Item 000015",2022-09-11,141,0,0,6,12
"Item 000016",2022-09-11,1896,0,0,6,10
"Item 000017",2022-09-11,53,0,0,4,12
"Item 000018",2022-09-11,477,0,0,6,8
"Item 000019",2022-09-11,21,0,0,4,26
"Item 000020",2022-09-11,1483,0,0,6,10
"Item 000021",2022-09-11,322,0,0,4,12
"Item 000022",2022-09-11,31,0,0,6,12
"Item 000023",2022-09-11,150,0,0,6,26
"Item 000024",2022-09-11,78,0,0,6,26
"Item 000025",2022-09-11,25,0,0,4,12
"Item 000026",2022-09-11,66,0,0,4,8
"Item 000027",2022-09-11,342,0,0,4,8
"Item 000028",2022-09-11,2710,0,0,6,10
"Item 000029",2022-09-11,644,0,0,4,12
"Item 000030",2022-09-11,996,0,0,4,12
"Item 000031",2022-09-11,500,0,0,6,8
"Item 000032",2022-09-11,522,0,0,6,8
"Item 000033",2022-09-11,955,0,0,6,8
"Item 000034",2022-09-11,502,0,0,6,8
"Item 000035",2022-09-11,589,0,0,6,8
"Item 000036",2022-09-11,737,0,0,6,8
"Item 000037",2022-09-11,829,0,0,6,8
"Item 000038",2022-09-11,800,0,0,6,8
"Item 000039",2022-09-11,650,0,0,6,8
"Item 000040",2022-09-11,865,0,0,6,8
"Item 000041",2022-09-11,540,0,0,6,8
"Item 000042",2022-09-11,969,0,0,6,8
"Item 000043",2022-09-11,996,0,0,6,8
"Item 000044",2022-09-11,539,0,0,6,8
"Item 000045",2022-09-11,564,0,0,6,8
"Item 000046",2022-09-11,528,0,0,6,8
"Item 000047",2022-09-11,576,0,0,6,8
"Item 000048",2022-09-11,917,0,0,6,8
"Item 000049",2022-09-11,751,0,0,6,8
"Item 000050",2022-09-11,829,0,0,6,8
"Item 000001",2022-09-18,349,0,0,4,8
"Item 000002",2022-09-18,2427,0,0,4,6
"Item 000003",2022-09-18,42,0,0,4,12
"Item 000004",2022-09-18,1042,0,0,6,6
"Item 000005",2022-09-18,69,0,0,4,12
"Item 000006",2022-09-18,1630,0,0,6,6
"Item 000007",2022-09-18,460,0,0,4,8
"Item 000008",2022-09-18,4191,0,0,6,10
"Item 000009",2022-09-18,90,0,0,4,12
"Item 000010",2022-09-18,151,0,0,4,12
"Item 000011",2022-09-18,361,0,0,4,8
"Item 000012",2022-09-18,140,0,0,4,12
"Item 000013",2022-09-18,1074,0,0,6,10
"Item 000014",2022-09-18,86,0,0,6,10
"Item 000015",2022-09-18,141,0,0,6,12
"Item 000016",2022-09-18,1896,0,11814,6,10
"Item 000017",2022-09-18,53,0,0,4,12
"Item 000018",2022-09-18,477,0,0,6,8
"Item 000019",2022-09-18,21,0,0,4,26
"Item 000020",2022-09-18,1483,0,8711,6,10
"Item 000021",2022-09-18,322,0,0,4,12
"Item 000022",2022-09-18,31,0,60,6,12
"Item 000023",2022-09-18,150,0,336,6,26
"Item 000024",2022-09-18,78,0,504,6,26
"Item 000025",2022-09-18,25,0,231,4,12
"Item 000026",2022-09-18,75,0,0,4,8
"Item 000027",2022-09-18,342,0,0,4,8
"Item 000028",2022-09-18,2710,0,0,6,10
"Item 000029",2022-09-18,763,0,0,4,12
"Item 000030",2022-09-18,874,0,0,4,12
"Item 000031",2022-09-18,689,0,0,6,8
"Item 000032",2022-09-18,506,0,0,6,8
"Item 000033",2022-09-18,992,0,0,6,8
"Item 000034",2022-09-18,866,0,0,6,8
"Item 000035",2022-09-18,703,0,0,6,8
"Item 000036",2022-09-18,912,0,0,6,8
"Item 000037",2022-09-18,626,0,0,6,8
"Item 000038",2022-09-18,561,0,0,6,8
"Item 000039",2022-09-18,584,0,0,6,8
"Item 000040",2022-09-18,648,0,0,6,8
"Item 000041",2022-09-18,724,0,0,6,8
"Item 000042",2022-09-18,895,0,0,6,8
"Item 000043",2022-09-18,675,0,0,6,8
"Item 000044",2022-09-18,586,0,0,6,8
"Item 000045",2022-09-18,934,0,0,6,8
"Item 000046",2022-09-18,977,0,0,6,8
"Item 000047",2022-09-18,855,0,0,6,8
"Item 000048",2022-09-18,935,0,0,6,8
"Item 000049",2022-09-18,982,0,0,6,8
"Item 000050",2022-09-18,695,0,0,6,8
"Item 000001",2022-09-25,200,0,0,4,8
"Item 000002",2022-09-25,1502,0,0,4,6
"Item 000003",2022-09-25,50,0,0,4,12
"Item 000004",2022-09-25,785,0,0,6,6
"Item 000005",2022-09-25,49,0,0,4,12
"Item 000006",2022-09-25,1176,0,0,6,6
"Item 000007",2022-09-25,309,0,0,4,8
"Item 000008",2022-09-25,3230,0,0,6,10
"Item 000009",2022-09-25,65,0,0,4,12
"Item 000010",2022-09-25,103,0,1920,4,12
"Item 000011",2022-09-25,272,0,0,4,8
"Item 000012",2022-09-25,98,0,0,4,12
"Item 000013",2022-09-25,834,0,0,6,10
"Item 000014",2022-09-25,62,0,0,6,10
"Item 000015",2022-09-25,106,0,0,6,12
"Item 000016",2022-09-25,1435,0,0,6,10
"Item 000017",2022-09-25,47,0,0,4,12
"Item 000018",2022-09-25,349,0,4166,6,8
"Item 000019",2022-09-25,15,0,0,4,26
"Item 000020",2022-09-25,1004,0,0,6,10
"Item 000021",2022-09-25,223,0,0,4,12
"Item 000022",2022-09-25,24,0,60,6,12
"Item 000023",2022-09-25,105,0,0,6,26
"Item 000024",2022-09-25,67,0,0,6,26
"Item 000025",2022-09-25,17,0,0,4,12
"Item 000026",2022-09-25,83,0,0,4,8
"Item 000027",2022-09-25,62,0,0,4,8
"Item 000028",2022-09-25,275,0,0,6,10
"Item 000029",2022-09-25,762,0,0,4,12
"Item 000030",2022-09-25,615,0,480,4,12
"Item 000031",2022-09-25,909,0,0,6,8
"Item 000032",2022-09-25,962,0,0,6,8
"Item 000033",2022-09-25,609,0,0,6,8
"Item 000034",2022-09-25,813,0,0,6,8
"Item 000035",2022-09-25,775,0,0,6,8
"Item 000036",2022-09-25,905,0,0,6,8
"Item 000037",2022-09-25,582,0,0,6,8
"Item 000038",2022-09-25,778,0,0,6,8
"Item 000039",2022-09-25,872,0,0,6,8
"Item 000040",2022-09-25,852,0,0,6,8
"Item 000041",2022-09-25,596,0,0,6,8
"Item 000042",2022-09-25,514,0,0,6,8
"Item 000043",2022-09-25,647,0,0,6,8
"Item 000044",2022-09-25,926,0,0,6,8
"Item 000045",2022-09-25,841,0,0,6,8
"Item 000046",2022-09-25,791,0,0,6,8
"Item 000047",2022-09-25,533,0,0,6,8
"Item 000048",2022-09-25,520,0,0,6,8
"Item 000049",2022-09-25,761,0,0,6,8
"Item 000050",2022-09-25,859,0,0,6,8
"Item 000001",2022-10-02,0,0,0,4,8
"Item 000002",2022-10-02,807,0,1944,4,6
"Item 000003",2022-10-02,178,0,0,4,12
"Item 000004",2022-10-02,1329,0,0,6,6
"Item 000005",2022-10-02,69,0,0,4,12
"Item 000006",2022-10-02,1711,0,4104,6,6
"Item 000007",2022-10-02,325,0,107,4,8
"Item 000008",2022-10-02,5841,0,16104,6,10
"Item 000009",2022-10-02,98,0,0,4,12
"Item 000010",2022-10-02,117,0,1920,4,12
"Item 000011",2022-10-02,463,0,4032,4,8
"Item 000012",2022-10-02,128,0,0,4,12
"Item 000013",2022-10-02,1539,0,5005,6,10
"Item 000014",2022-10-02,86,0,260,6,10
"Item 000015",2022-10-02,176,0,0,6,12
"Item 000016",2022-10-02,2459,0,0,6,10
"Item 000017",2022-10-02,115,0,0,4,12
"Item 000018",2022-10-02,536,0,0,6,8
"Item 000019",2022-10-02,21,0,0,4,26
"Item 000020",2022-10-02,1093,0,0,6,10
"Item 000021",2022-10-02,273,0,0,4,12
"Item 000022",2022-10-02,48,0,0,6,12
"Item 000023",2022-10-02,137,0,0,6,26
"Item 000024",2022-10-02,159,0,0,6,26
"Item 000025",2022-10-02,20,0,0,4,12
"Item 000026",2022-10-02,95,0,0,4,8
"Item 000027",2022-10-02,428,0,5130,4,8
"Item 000028",2022-10-02,1921,0,7812,6,10
"Item 000029",2022-10-02,958,0,0,4,12
"Item 000030",2022-10-02,966,0,0,4,12
"Item 000031",2022-10-02,998,0,0,6,8
"Item 000032",2022-10-02,740,0,0,6,8
"Item 000033",2022-10-02,869,0,0,6,8
"Item 000034",2022-10-02,779,0,0,6,8
"Item 000035",2022-10-02,514,0,0,6,8
"Item 000036",2022-10-02,977,0,0,6,8
"Item 000037",2022-10-02,608,0,0,6,8
"Item 000038",2022-10-02,645,0,0,6,8
"Item 000039",2022-10-02,724,0,0,6,8
"Item 000040",2022-10-02,904,0,0,6,8
"Item 000041",2022-10-02,695,0,0,6,8
"Item 000042",2022-10-02,729,0,0,6,8
"Item 000043",2022-10-02,994,0,0,6,8
"Item 000044",2022-10-02,614,0,0,6,8
"Item 000045",2022-10-02,817,0,0,6,8
"Item 000046",2022-10-02,982,0,0,6,8
"Item 000047",2022-10-02,655,0,0,6,8
"Item 000048",2022-10-02,948,0,0,6,8
"Item 000049",2022-10-02,680,0,0,6,8
"Item 000050",2022-10-02,948,0,0,6,8
"Item 000001",2022-10-09,0,0,11616,4,8
"Item 000002",2022-10-09,807,0,647,4,6
"Item 000003",2022-10-09,178,0,0,4,12
"Item 000004",2022-10-09,1329,0,0,6,6
"Item 000005",2022-10-09,69,0,0,4,12
"Item 000006",2022-10-09,1711,0,0,6,6
"Item 000007",2022-10-09,325,0,540,4,8
"Item 000008",2022-10-09,5841,0,9504,6,10
"Item 000009",2022-10-09,98,0,527,4,12
"Item 000010",2022-10-09,117,0,0,4,12
"Item 000011",2022-10-09,463,0,0,4,8
"Item 000012",2022-10-09,128,0,0,4,12
"Item 000013",2022-10-09,1539,0,0,6,10
"Item 000014",2022-10-09,86,0,0,6,10
"Item 000015",2022-10-09,176,0,70,6,12
"Item 000016",2022-10-09,2459,0,0,6,10
"Item 000017",2022-10-09,115,0,0,4,12
"Item 000018",2022-10-09,536,0,0,6,8
"Item 000019",2022-10-09,21,0,0,4,26
"Item 000020",2022-10-09,1093,0,0,6,10
"Item 000021",2022-10-09,273,0,0,4,12
"Item 000022",2022-10-09,48,0,0,6,12
"Item 000023",2022-10-09,137,0,0,6,26
"Item 000024",2022-10-09,159,0,0,6,26
"Item 000025",2022-10-09,20,0,0,4,12
"Item 000026",2022-10-09,60,0,2376,4,8
"Item 000027",2022-10-09,428,0,0,4,8
"Item 000028",2022-10-09,1921,0,7560,6,10
"Item 000029",2022-10-09,997,0,0,4,12
"Item 000030",2022-10-09,770,0,0,4,12
"Item 000031",2022-10-09,600,0,0,6,8
"Item 000032",2022-10-09,535,0,0,6,8
"Item 000033",2022-10-09,974,0,0,6,8
"Item 000034",2022-10-09,667,0,0,6,8
"Item 000035",2022-10-09,889,0,0,6,8
"Item 000036",2022-10-09,895,0,0,6,8
"Item 000037",2022-10-09,705,0,0,6,8
"Item 000038",2022-10-09,616,0,0,6,8
"Item 000039",2022-10-09,615,0,0,6,8
"Item 000040",2022-10-09,882,0,0,6,8
"Item 000041",2022-10-09,843,0,0,6,8
"Item 000042",2022-10-09,918,0,0,6,8
"Item 000043",2022-10-09,889,0,0,6,8
"Item 000044",2022-10-09,815,0,0,6,8
"Item 000045",2022-10-09,643,0,0,6,8
"Item 000046",2022-10-09,954,0,0,6,8
"Item 000047",2022-10-09,909,0,0,6,8
"Item 000048",2022-10-09,927,0,0,6,8
"Item 000049",2022-10-09,860,0,0,6,8
"Item 000050",2022-10-09,604,0,0,6,8
"Item 000001",2022-10-16,0,0,0,4,8
"Item 000002",2022-10-16,807,0,0,4,6
"Item 000003",2022-10-16,178,0,0,4,12
"Item 000004",2022-10-16,1329,0,0,6,6
"Item 000005",2022-10-16,69,0,0,4,12
"Item 000006",2022-10-16,1711,0,0,6,6
"Item 000007",2022-10-16,325,0,0,4,8
"Item 000008",2022-10-16,5841,0,0,6,10
"Item 000009",2022-10-16,51,0,0,4,12
"Item 000010",2022-10-16,117,0,0,4,12
"Item 000011",2022-10-16,463,0,0,4,8
"Item 000012",2022-10-16,128,0,0,4,12
"Item 000013",2022-10-16,1539,0,0,6,10
"Item 000014",2022-10-16,86,0,0,6,10
"Item 000015",2022-10-16,176,0,0,6,12
"Item 000016",2022-10-16,2459,0,672,6,10
"Item 000017",2022-10-16,115,0,0,4,12
"Item 000018",2022-10-16,536,0,0,6,8
"Item 000019",2022-10-16,21,0,0,4,26
"Item 000020",2022-10-16,1093,0,0,6,10
"Item 000021",2022-10-16,273,0,0,4,12
"Item 000022",2022-10-16,48,0,0,6,12
"Item 000023",2022-10-16,137,0,0,6,26
"Item 000024",2022-10-16,159,0,0,6,26
"Item 000025",2022-10-16,20,0,0,4,12
"Item 000026",2022-10-16,51,0,0,4,8
"Item 000027",2022-10-16,428,0,0,4,8
"Item 000028",2022-10-16,1921,0,0,6,10
"Item 000029",2022-10-16,764,0,0,4,12
"Item 000030",2022-10-16,966,0,0,4,12
"Item 000031",2022-10-16,633,0,0,6,8
"Item 000032",2022-10-16,604,0,0,6,8
"Item 000033",2022-10-16,700,0,0,6,8
"Item 000034",2022-10-16,661,0,0,6,8
"Item 000035",2022-10-16,504,0,0,6,8
"Item 000036",2022-10-16,968,0,0,6,8
"Item 000037",2022-10-16,859,0,0,6,8
"Item 000038",2022-10-16,697,0,0,6,8
"Item 000039",2022-10-16,928,0,0,6,8
"Item 000040",2022-10-16,568,0,0,6,8
"Item 000041",2022-10-16,728,0,0,6,8
"Item 000042",2022-10-16,919,0,0,6,8
"Item 000043",2022-10-16,596,0,0,6,8
"Item 000044",2022-10-16,984,0,0,6,8
"Item 000045",2022-10-16,696,0,0,6,8
"Item 000046",2022-10-16,726,0,0,6,8
"Item 000047",2022-10-16,622,0,0,6,8
"Item 000048",2022-10-16,934,0,0,6,8
"Item 000049",2022-10-16,829,0,0,6,8
"Item 000050",2022-10-16,586,0,0,6,8
"Item 000001",2022-10-23,0,0,0,4,8
"Item 000002",2022-10-23,692,0,0,4,6
"Item 000003",2022-10-23,152,0,0,4,12
"Item 000004",2022-10-23,1139,0,0,6,6
"Item 000005",2022-10-23,59,0,0,4,12
"Item 000006",2022-10-23,1466,0,0,6,6
"Item 000007",2022-10-23,278,0,0,4,8
"Item 000008",2022-10-23,5007,0,0,6,10
"Item 000009",2022-10-23,82,0,0,4,12
"Item 000010",2022-10-23,100,0,0,4,12
"Item 000011",2022-10-23,397,0,0,4,8
"Item 000012",2022-10-23,110,0,0,4,12
"Item 000013",2022-10-23,1319,0,0,6,10
"Item 000014",2022-10-23,74,0,0,6,10
"Item 000015",2022-10-23,151,0,0,6,12
"Item 000016",2022-10-23,2108,0,3024,6,10
"Item 000017",2022-10-23,99,0,0,4,12
"Item 000018",2022-10-23,460,0,0,6,8
"Item 000019",2022-10-23,18,0,0,4,26
"Item 000020",2022-10-23,937,0,0,6,10
"Item 000021",2022-10-23,234,0,0,4,12
"Item 000022",2022-10-23,41,0,0,6,12
"Item 000023",2022-10-23,118,0,0,6,26
"Item 000024",2022-10-23,136,0,0,6,26
"Item 000025",2022-10-23,17,0,0,4,12
"Item 000026",2022-10-23,79,0,0,4,8
"Item 000027",2022-10-23,367,0,0,4,8
"Item 000028",2022-10-23,1647,0,0,6,10
"Item 000029",2022-10-23,527,0,0,4,12
"Item 000030",2022-10-23,745,0,0,4,12
"Item 000031",2022-10-23,598,0,0,6,8
"Item 000032",2022-10-23,988,0,0,6,8
"Item 000033",2022-10-23,741,0,0,6,8
"Item 000034",2022-10-23,646,0,0,6,8
"Item 000035",2022-10-23,654,0,0,6,8
"Item 000036",2022-10-23,773,0,0,6,8
"Item 000037",2022-10-23,820,0,0,6,8
"Item 000038",2022-10-23,830,0,0,6,8
"Item 000039",2022-10-23,568,0,0,6,8
"Item 000040",2022-10-23,538,0,0,6,8
"Item 000041",2022-10-23,793,0,0,6,8
"Item 000042",2022-10-23,511,0,0,6,8
"Item 000043",2022-10-23,969,0,0,6,8
"Item 000044",2022-10-23,739,0,0,6,8
"Item 000045",2022-10-23,717,0,0,6,8
"Item 000046",2022-10-23,611,0,0,6,8
"Item 000047",2022-10-23,694,0,0,6,8
"Item 000048",2022-10-23,753,0,0,6,8
"Item 000049",2022-10-23,840,0,0,6,8
"Item 000050",2022-10-23,576,0,0,6,8
"Item 000001",2022-10-30,367,0,0,4,8
"Item 000002",2022-10-30,510,0,0,4,6
"Item 000003",2022-10-30,24,0,0,4,12
"Item 000004",2022-10-30,1452,0,0,6,6
"Item 000005",2022-10-30,49,0,0,4,12
"Item 000006",2022-10-30,1222,0,0,6,6
"Item 000007",2022-10-30,78,0,0,4,8
"Item 000008",2022-10-30,2452,0,0,6,10
"Item 000009",2022-10-30,48,0,0,4,12
"Item 000010",2022-10-30,70,0,0,4,12
"Item 000011",2022-10-30,203,0,0,4,8
"Item 000012",2022-10-30,74,0,0,4,12
"Item 000013",2022-10-30,1521,0,0,6,10
"Item 000014",2022-10-30,62,0,260,6,10
"Item 000015",2022-10-30,51,0,0,6,12
"Item 000016",2022-10-30,1461,0,0,6,10
"Item 000017",2022-10-30,116,0,0,4,12
"Item 000018",2022-10-30,277,0,0,6,8
"Item 000019",2022-10-30,50,0,0,4,26
"Item 000020",2022-10-30,650,0,0,6,10
"Item 000021",2022-10-30,195,0,0,4,12
"Item 000022",2022-10-30,50,0,0,6,12
"Item 000023",2022-10-30,77,0,1596,6,26
"Item 000024",2022-10-30,46,0,0,6,26
"Item 000025",2022-10-30,16,0,0,4,12
"Item 000026",2022-10-30,97,0,133,4,8
"Item 000027",2022-10-30,428,0,0,4,8
"Item 000028",2022-10-30,2026,0,7812,6,10
"Item 000029",2022-10-30,557,0,0,4,12
"Item 000030",2022-10-30,642,0,0,4,12
"Item 000031",2022-10-30,893,0,0,6,8
"Item 000032",2022-10-30,712,0,0,6,8
"Item 000033",2022-10-30,757,0,0,6,8
"Item 000034",2022-10-30,900,0,0,6,8
"Item 000035",2022-10-30,648,0,0,6,8
"Item 000036",2022-10-30,861,0,0,6,8
"Item 000037",2022-10-30,715,0,0,6,8
"Item 000038",2022-10-30,944,0,0,6,8
"Item 000039",2022-10-30,557,0,195,6,8
"Item 000040",2022-10-30,988,0,0,6,8
"Item 000041",2022-10-30,799,0,0,6,8
"Item 000042",2022-10-30,947,0,0,6,8
"Item 000043",2022-10-30,560,0,0,6,8
"Item 000044",2022-10-30,963,0,0,6,8
"Item 000045",2022-10-30,910,0,0,6,8
"Item 000046",2022-10-30,639,0,0,6,8
"Item 000047",2022-10-30,871,0,0,6,8
"Item 000048",2022-10-30,633,0,0,6,8
"Item 000049",2022-10-30,569,0,0,6,8
"Item 000050",2022-10-30,742,0,0,6,8
"Item 000001",2022-11-06,514,0,0,4,8
"Item 000002",2022-11-06,714,0,0,4,6
"Item 000003",2022-11-06,34,0,0,4,12
"Item 000004",2022-11-06,2032,0,0,6,6
"Item 000005",2022-11-06,69,0,0,4,12
"Item 000006",2022-11-06,1711,0,0,6,6
"Item 000007",2022-11-06,109,0,0,4,8
"Item 000008",2022-11-06,3432,0,0,6,10
"Item 000009",2022-11-06,66,0,0,4,12
"Item 000010",2022-11-06,97,0,0,4,12
"Item 000011",2022-11-06,284,0,0,4,8
"Item 000012",2022-11-06,104,0,0,4,12
"Item 000013",2022-11-06,2130,0,1001,6,10
"Item 000014",2022-11-06,86,0,0,6,10
"Item 000015",2022-11-06,71,0,0,6,12
"Item 000016",2022-11-06,2046,0,0,6,10
"Item 000017",2022-11-06,163,0,0,4,12
"Item 000018",2022-11-06,387,0,0,6,8
"Item 000019",2022-11-06,97,0,0,4,26
"Item 000020",2022-11-06,910,0,1089,6,10
"Item 000021",2022-11-06,273,0,2674,4,12
"Item 000022",2022-11-06,69,0,0,6,12
"Item 000023",2022-11-06,107,0,0,6,26
"Item 000024",2022-11-06,65,0,0,6,26
"Item 000025",2022-11-06,22,0,0,4,12
"Item 000026",2022-11-06,74,0,0,4,8
"Item 000027",2022-11-06,599,0,0,4,8
"Item 000028",2022-11-06,2836,0,0,6,10
"Item 000029",2022-11-06,754,0,0,4,12
"Item 000030",2022-11-06,653,0,0,4,12
"Item 000031",2022-11-06,618,0,0,6,8
"Item 000032",2022-11-06,872,0,0,6,8
"Item 000033",2022-11-06,578,0,0,6,8
"Item 000034",2022-11-06,704,0,0,6,8
"Item 000035",2022-11-06,637,0,0,6,8
"Item 000036",2022-11-06,572,0,0,6,8
"Item 000037",2022-11-06,594,0,0,6,8
"Item 000038",2022-11-06,787,0,0,6,8
"Item 000039",2022-11-06,502,0,0,6,8
"Item 000040",2022-11-06,679,0,0,6,8
"Item 000041",2022-11-06,542,0,0,6,8
"Item 000042",2022-11-06,793,0,0,6,8
"Item 000043",2022-11-06,811,0,0,6,8
"Item 000044",2022-11-06,552,0,0,6,8
"Item 000045",2022-11-06,753,0,0,6,8
"Item 000046",2022-11-06,764,0,0,6,8
"Item 000047",2022-11-06,568,0,0,6,8
"Item 000048",2022-11-06,873,0,0,6,8
"Item 000049",2022-11-06,738,0,0,6,8
"Item 000050",2022-11-06,880,0,0,6,8
"Item 000001",2022-11-13,514,0,0,4,8
"Item 000002",2022-11-13,714,0,0,4,6
"Item 000003",2022-11-13,34,0,0,4,12
"Item 000004",2022-11-13,2032,0,0,6,6
"Item 000005",2022-11-13,69,0,0,4,12
"Item 000006",2022-11-13,1711,0,0,6,6
"Item 000007",2022-11-13,109,0,0,4,8
"Item 000008",2022-11-13,3432,0,0,6,10
"Item 000009",2022-11-13,66,0,0,4,12
"Item 000010",2022-11-13,97,0,0,4,12
"Item 000011",2022-11-13,284,0,0,4,8
"Item 000012",2022-11-13,104,0,0,4,12
"Item 000013",2022-11-13,2130,0,4235,6,10
"Item 000014",2022-11-13,86,0,0,6,10
"Item 000015",2022-11-13,71,0,0,6,12
"Item 000016",2022-11-13,2046,0,0,6,10
"Item 000017",2022-11-13,163,0,0,4,12
"Item 000018",2022-11-13,387,0,0,6,8
"Item 000019",2022-11-13,72,0,244,4,26
"Item 000020",2022-11-13,910,0,791,6,10
"Item 000021",2022-11-13,273,0,0,4,12
"Item 000022",2022-11-13,69,0,0,6,12
"Item 000023",2022-11-13,107,0,0,6,26
"Item 000024",2022-11-13,65,0,0,6,26
"Item 000025",2022-11-13,22,0,0,4,12
"Item 000026",2022-11-13,62,0,0,4,8
"Item 000027",2022-11-13,599,0,0,4,8
"Item 000028",2022-11-13,2836,0,0,6,10
"Item 000029",2022-11-13,873,0,0,4,12
"Item 000030",2022-11-13,949,0,0,4,12
"Item 000031",2022-11-13,726,0,0,6,8
"Item 000032",2022-11-13,591,0,0,6,8
"Item 000033",2022-11-13,580,0,0,6,8
"Item 000034",2022-11-13,512,0,0,6,8
"Item 000035",2022-11-13,786,0,0,6,8
"Item 000036",2022-11-13,525,0,0,6,8
"Item 000037",2022-11-13,987,0,0,6,8
"Item 000038",2022-11-13,843,0,0,6,8
"Item 000039",2022-11-13,863,0,0,6,8
"Item 000040",2022-11-13,653,0,0,6,8
"Item 000041",2022-11-13,690,0,0,6,8
"Item 000042",2022-11-13,890,0,0,6,8
"Item 000043",2022-11-13,608,0,0,6,8
"Item 000044",2022-11-13,832,0,0,6,8
"Item 000045",2022-11-13,790,0,0,6,8
"Item 000046",2022-11-13,790,0,0,6,8
"Item 000047",2022-11-13,812,0,0,6,8
"Item 000048",2022-11-13,805,0,0,6,8
"Item 000049",2022-11-13,788,0,0,6,8
"Item 000050",2022-11-13,813,0,0,6,8
"Item 000001",2022-11-20,514,0,0,4,8
"Item 000002",2022-11-20,714,0,0,4,6
"Item 000003",2022-11-20,34,0,0,4,12
"Item 000004",2022-11-20,2032,0,6000,6,6
"Item 000005",2022-11-20,69,0,0,4,12
"Item 000006",2022-11-20,1711,0,0,6,6
"Item 000007",2022-11-20,109,0,107,4,8
"Item 000008",2022-11-20,3432,0,0,6,10
"Item 000009",2022-11-20,66,0,0,4,12
"Item 000010",2022-11-20,97,0,0,4,12
"Item 000011",2022-11-20,284,0,0,4,8
"Item 000012",2022-11-20,104,0,0,4,12
"Item 000013",2022-11-20,2130,0,0,6,10
"Item 000014",2022-11-20,86,0,0,6,10
"Item 000015",2022-11-20,71,0,0,6,12
"Item 000016",2022-11-20,2046,0,0,6,10
"Item 000017",2022-11-20,163,0,0,4,12
"Item 000018",2022-11-20,387,0,0,6,8
"Item 000019",2022-11-20,84,0,0,4,26
"Item 000020",2022-11-20,910,0,0,6,10
"Item 000021",2022-11-20,273,0,0,4,12
"Item 000022",2022-11-20,69,0,0,6,12
"Item 000023",2022-11-20,107,0,0,6,26
"Item 000024",2022-11-20,65,0,0,6,26
"Item 000025",2022-11-20,22,0,0,4,12
"Item 000026",2022-11-20,81,0,0,4,8
"Item 000027",2022-11-20,599,0,0,4,8
"Item 000028",2022-11-20,2836,0,5922,6,10
"Item 000029",2022-11-20,833,0,0,4,12
"Item 000030",2022-11-20,668,0,0,4,12
"Item 000031",2022-11-20,696,0,0,6,8
"Item 000032",2022-11-20,705,0,0,6,8
"Item 000033",2022-11-20,781,0,0,6,8
"Item 000034",2022-11-20,928,0,28,6,8
"Item 000035",2022-11-20,597,0,0,6,8
"Item 000036",2022-11-20,915,0,0,6,8
"Item 000037",2022-11-20,747,0,0,6,8
"Item 000038",2022-11-20,695,0,0,6,8
"Item 000039",2022-11-20,519,0,0,6,8
"Item 000040",2022-11-20,896,0,560,6,8
"Item 000041",2022-11-20,521,0,0,6,8
"Item 000042",2022-11-20,905,0,0,6,8
"Item 000043",2022-11-20,662,0,0,6,8
"Item 000044",2022-11-20,709,0,589,6,8
"Item 000045",2022-11-20,974,0,0,6,8
"Item 000046",2022-11-20,751,0,0,6,8
"Item 000047",2022-11-20,577,0,5544,6,8
"Item 000048",2022-11-20,768,0,7344,6,8
"Item 000049",2022-11-20,680,0,2400,6,8
"Item 000050",2022-11-20,580,0,0,6,8
"Item 000001",2022-11-27,506,0,0,4,8
"Item 000002",2022-11-27,216,0,0,4,6
"Item 000003",2022-11-27,41,0,0,4,12
"Item 000004",2022-11-27,653,0,0,6,6
"Item 000005",2022-11-27,49,0,0,4,12
"Item 000006",2022-11-27,489,0,0,6,6
"Item 000007",2022-11-27,43,0,0,4,8
"Item 000008",2022-11-27,1999,0,0,6,10
"Item 000009",2022-11-27,19,0,0,4,12
"Item 000010",2022-11-27,81,0,0,4,12
"Item 000011",2022-11-27,174,0,0,4,8
"Item 000012",2022-11-27,104,0,0,4,12
"Item 000013",2022-11-27,1173,0,0,6,10
"Item 000014",2022-11-27,62,0,0,6,10
"Item 000015",2022-11-27,66,0,0,6,12
"Item 000016",2022-11-27,1285,0,0,6,10
"Item 000017",2022-11-27,82,0,0,4,12
"Item 000018",2022-11-27,315,0,0,6,8
"Item 000019",2022-11-27,89,0,0,4,26
"Item 000020",2022-11-27,597,0,0,6,10
"Item 000021",2022-11-27,163,0,0,4,12
"Item 000022",2022-11-27,20,0,0,6,12
"Item 000023",2022-11-27,31,0,0,6,26
"Item 000024",2022-11-27,43,0,0,6,26
"Item 000025",2022-11-27,16,0,0,4,12
"Item 000026",2022-11-27,264,0,0,4,8
"Item 000027",2022-11-27,318,0,0,4,8
"Item 000028",2022-11-27,1972,0,2772,6,10
"Item 000029",2022-11-27,697,0,0,4,12
"Item 000030",2022-11-27,578,0,0,4,12
"Item 000031",2022-11-27,890,0,0,6,8
"Item 000032",2022-11-27,970,0,0,6,8
"Item 000033",2022-11-27,905,0,33133,6,8
"Item 000034",2022-11-27,800,0,146,6,8
"Item 000035",2022-11-27,725,0,0,6,8
"Item 000036",2022-11-27,833,0,0,6,8
"Item 000037",2022-11-27,895,0,154,6,8
"Item 000038",2022-11-27,857,0,7777,6,8
"Item 000039",2022-11-27,761,0,325,6,8
"Item 000040",2022-11-27,719,0,0,6,8
"Item 000041",2022-11-27,502,0,0,6,8
"Item 000042",2022-11-27,749,0,0,6,8
"Item 000043",2022-11-27,682,0,0,6,8
"Item 000044",2022-11-27,81,0,169,6,8
"Item 000045",2022-11-27,842,0,0,6,8
"Item 000046",2022-11-27,700,0,0,6,8
"Item 000047",2022-11-27,664,0,0,6,8
"Item 000048",2022-11-27,133,0,0,6,8
"Item 000049",2022-11-27,114,0,0,6,8
"Item 000050",2022-11-27,522,0,0,6,8
"Item 000001",2022-12-04,837,0,1187,4,8
"Item 000002",2022-12-04,28,0,216,4,6
"Item 000003",2022-12-04,72,0,0,4,12
"Item 000004",2022-12-04,169,0,0,6,6
"Item 000005",2022-12-04,69,0,0,4,12
"Item 000006",2022-12-04,823,0,0,6,6
"Item 000007",2022-12-04,28,0,0,4,8
"Item 000008",2022-12-04,2376,0,133,6,10
"Item 000009",2022-12-04,89,0,264,4,12
"Item 000010",2022-12-04,123,0,0,4,12
"Item 000011",2022-12-04,218,0,0,4,8
"Item 000012",2022-12-04,173,0,0,4,12
"Item 000013",2022-12-04,1318,0,0,6,10
"Item 000014",2022-12-04,86,0,0,6,10
"Item 000015",2022-12-04,106,0,0,6,12
"Item 000016",2022-12-04,1635,0,112,6,10
"Item 000017",2022-12-04,82,0,0,4,12
"Item 000018",2022-12-04,477,0,0,6,8
"Item 000019",2022-12-04,96,0,0,4,26
"Item 000020",2022-12-04,787,0,0,6,10
"Item 000021",2022-12-04,198,0,0,4,12
"Item 000022",2022-12-04,60,0,0,6,12
"Item 000023",2022-12-04,80,0,0,6,26
"Item 000024",2022-12-04,57,0,0,6,26
"Item 000025",2022-12-04,22,0,0,4,12
"Item 000026",2022-12-04,614,0,0,4,8
"Item 000027",2022-12-04,342,0,0,4,8
"Item 000028",2022-12-04,2710,0,0,6,10
"Item 000029",2022-12-04,899,0,0,4,12
"Item 000030",2022-12-04,641,0,0,4,12
"Item 000031",2022-12-04,630,0,0,6,8
"Item 000032",2022-12-04,565,0,0,6,8
"Item 000033",2022-12-04,900,0,0,6,8
"Item 000034",2022-12-04,878,0,0,6,8
"Item 000035",2022-12-04,827,0,0,6,8
"Item 000036",2022-12-04,707,0,0,6,8
"Item 000037",2022-12-04,577,0,0,6,8
"Item 000038",2022-12-04,565,0,0,6,8
"Item 000039",2022-12-04,821,0,0,6,8
"Item 000040",2022-12-04,881,0,0,6,8
"Item 000041",2022-12-04,897,0,6832,6,8
"Item 000042",2022-12-04,982,0,0,6,8
"Item 000043",2022-12-04,600,0,0,6,8
"Item 000044",2022-12-04,189,0,0,6,8
"Item 000045",2022-12-04,510,0,0,6,8
"Item 000046",2022-12-04,855,0,2160,6,8
"Item 000047",2022-12-04,967,0,924,6,8
"Item 000048",2022-12-04,310,0,16093,6,8
"Item 000049",2022-12-04,266,0,0,6,8
"Item 000050",2022-12-04,740,0,0,6,8
"Item 000001",2022-12-11,837,0,0,4,8
"Item 000002",2022-12-11,28,0,0,4,6
"Item 000003",2022-12-11,72,0,0,4,12
"Item 000004",2022-12-11,169,0,0,6,6
"Item 000005",2022-12-11,69,0,0,4,12
"Item 000006",2022-12-11,702,0,0,6,6
"Item 000007",2022-12-11,28,0,0,4,8
"Item 000008",2022-12-11,2376,0,0,6,10
"Item 000009",2022-12-11,72,0,0,4,12
"Item 000010",2022-12-11,123,0,0,4,12
"Item 000011",2022-12-11,218,0,0,4,8
"Item 000012",2022-12-11,173,0,0,4,12
"Item 000013",2022-12-11,1318,0,0,6,10
"Item 000014",2022-12-11,86,0,0,6,10
"Item 000015",2022-12-11,106,0,0,6,12
"Item 000016",2022-12-11,1635,0,0,6,10
"Item 000017",2022-12-11,82,0,294,4,12
"Item 000018",2022-12-11,477,0,0,6,8
"Item 000019",2022-12-11,50,0,0,4,26
"Item 000020",2022-12-11,787,0,0,6,10
"Item 000021",2022-12-11,198,0,0,4,12
"Item 000022",2022-12-11,68,0,0,6,12
"Item 000023",2022-12-11,85,0,0,6,26
"Item 000024",2022-12-11,57,0,0,6,26
"Item 000025",2022-12-11,22,0,0,4,12
"Item 000026",2022-12-11,614,0,0,4,8
"Item 000027",2022-12-11,342,0,0,4,8
"Item 000028",2022-12-11,2710,0,0,6,10
"Item 000029",2022-12-11,838,0,0,4,12
"Item 000030",2022-12-11,536,0,768,4,12
"Item 000031",2022-12-11,614,0,0,6,8
"Item 000032",2022-12-11,503,0,0,6,8
"Item 000033",2022-12-11,646,0,0,6,8
"Item 000034",2022-12-11,968,0,0,6,8
"Item 000035",2022-12-11,662,0,0,6,8
"Item 000036",2022-12-11,783,0,0,6,8
"Item 000037",2022-12-11,715,0,0,6,8
"Item 000038",2022-12-11,521,0,0,6,8
"Item 000039",2022-12-11,582,0,0,6,8
"Item 000040",2022-12-11,553,0,0,6,8
"Item 000041",2022-12-11,972,0,0,6,8
"Item 000042",2022-12-11,888,0,3212,6,8
"Item 000043",2022-12-11,824,0,0,6,8
"Item 000044",2022-12-11,189,0,0,6,8
"Item 000045",2022-12-11,588,0,0,6,8
"Item 000046",2022-12-11,741,0,0,6,8
"Item 000047",2022-12-11,545,0,0,6,8
"Item 000048",2022-12-11,310,0,0,6,8
"Item 000049",2022-12-11,266,0,0,6,8
"Item 000050",2022-12-11,535,0,587,6,8
"Item 000001",2022-12-18,837,0,0,4,8
"Item 000002",2022-12-18,28,0,0,4,6
"Item 000003",2022-12-18,72,0,0,4,12
"Item 000004",2022-12-18,169,0,0,6,6
"Item 000005",2022-12-18,69,0,0,4,12
"Item 000006",2022-12-18,697,0,0,6,6
"Item 000007",2022-12-18,28,0,0,4,8
"Item 000008",2022-12-18,2376,0,0,6,10
"Item 000009",2022-12-18,83,0,0,4,12
"Item 000010",2022-12-18,123,0,0,4,12
"Item 000011",2022-12-18,218,0,0,4,8
"Item 000012",2022-12-18,173,0,0,4,12
"Item 000013",2022-12-18,1318,0,0,6,10
"Item 000014",2022-12-18,86,0,0,6,10
"Item 000015",2022-12-18,106,0,0,6,12
"Item 000016",2022-12-18,1635,0,0,6,10
"Item 000017",2022-12-18,82,0,0,4,12
"Item 000018",2022-12-18,477,0,0,6,8
"Item 000019",2022-12-18,91,0,0,4,26
"Item 000020",2022-12-18,787,0,0,6,10
"Item 000021",2022-12-18,198,0,0,4,12
"Item 000022",2022-12-18,89,0,0,6,12
"Item 000023",2022-12-18,92,0,0,6,26
"Item 000024",2022-12-18,57,0,0,6,26
"Item 000025",2022-12-18,22,0,0,4,12
"Item 000026",2022-12-18,614,0,0,4,8
"Item 000027",2022-12-18,342,0,0,4,8
"Item 000028",2022-12-18,2710,0,0,6,10
"Item 000029",2022-12-18,986,0,0,4,12
"Item 000030",2022-12-18,517,0,0,4,12
"Item 000031",2022-12-18,558,0,0,6,8
"Item 000032",2022-12-18,789,0,0,6,8
"Item 000033",2022-12-18,750,0,0,6,8
"Item 000034",2022-12-18,559,0,0,6,8
"Item 000035",2022-12-18,702,0,0,6,8
"Item 000036",2022-12-18,649,0,0,6,8
"Item 000037",2022-12-18,714,0,0,6,8
"Item 000038",2022-12-18,848,0,0,6,8
"Item 000039",2022-12-18,827,0,0,6,8
"Item 000040",2022-12-18,791,0,0,6,8
"Item 000041",2022-12-18,574,0,0,6,8
"Item 000042",2022-12-18,576,0,0,6,8
"Item 000043",2022-12-18,880,0,0,6,8
"Item 000044",2022-12-18,189,0,0,6,8
"Item 000045",2022-12-18,626,0,0,6,8
"Item 000046",2022-12-18,594,0,0,6,8
"Item 000047",2022-12-18,835,0,0,6,8
"Item 000048",2022-12-18,310,0,0,6,8
"Item 000049",2022-12-18,266,0,0,6,8
"Item 000050",2022-12-18,906,0,0,6,8
"Item 000001",2022-12-25,479,0,0,4,8
"Item 000002",2022-12-25,16,0,0,4,6
"Item 000003",2022-12-25,42,0,0,4,12
"Item 000004",2022-12-25,97,0,0,6,6
"Item 000005",2022-12-25,40,0,0,4,12
"Item 000006",2022-12-25,919,0,0,6,6
"Item 000007",2022-12-25,16,0,0,4,8
"Item 000008",2022-12-25,1358,0,0,6,10
"Item 000009",2022-12-25,88,0,0,4,12
"Item 000010",2022-12-25,71,0,0,4,12
"Item 000011",2022-12-25,125,0,0,4,8
"Item 000012",2022-12-25,99,0,0,4,12
"Item 000013",2022-12-25,753,0,3927,6,10
"Item 000014",2022-12-25,49,0,0,6,10
"Item 000015",2022-12-25,61,0,0,6,12
"Item 000016",2022-12-25,934,0,0,6,10
"Item 000017",2022-12-25,47,0,0,4,12
"Item 000018",2022-12-25,273,0,0,6,8
"Item 000019",2022-12-25,60,0,0,4,26
"Item 000020",2022-12-25,450,0,0,6,10
"Item 000021",2022-12-25,114,0,0,4,12
"Item 000022",2022-12-25,66,0,0,6,12
"Item 000023",2022-12-25,60,0,0,6,26
"Item 000024",2022-12-25,33,0,0,6,26
"Item 000025",2022-12-25,13,0,0,4,12
"Item 000026",2022-12-25,351,0,0,4,8
"Item 000027",2022-12-25,196,0,0,4,8
"Item 000028",2022-12-25,1549,0,3024,6,10
"Item 000029",2022-12-25,917,0,0,4,12
"Item 000030",2022-12-25,567,0,0,4,12
"Item 000031",2022-12-25,561,0,0,6,8
"Item 000032",2022-12-25,982,0,0,6,8
"Item 000033",2022-12-25,744,0,0,6,8
"Item 000034",2022-12-25,925,0,0,6,8
"Item 000035",2022-12-25,929,0,0,6,8
"Item 000036",2022-12-25,850,0,377,6,8
"Item 000037",2022-12-25,558,0,0,6,8
"Item 000038",2022-12-25,946,0,0,6,8
"Item 000039",2022-12-25,674,0,0,6,8
"Item 000040",2022-12-25,848,0,0,6,8
"Item 000041",2022-12-25,909,0,0,6,8
"Item 000042",2022-12-25,967,0,0,6,8
"Item 000043",2022-12-25,541,0,2674,6,8
"Item 000044",2022-12-25,108,0,0,6,8
"Item 000045",2022-12-25,525,0,2079,6,8
"Item 000046",2022-12-25,759,0,0,6,8
"Item 000047",2022-12-25,544,0,0,6,8
"Item 000048",2022-12-25,177,0,0,6,8
"Item 000049",2022-12-25,152,0,0,6,8
"Item 000050",2022-12-25,960,0,0,6,8
"Item 000001",2023-01-01,69,0,0,4,8
"Item 000002",2023-01-01,26,0,0,4,6
"Item 000003",2023-01-01,243,0,0,4,12
"Item 000004",2023-01-01,96,0,0,6,6
"Item 000005",2023-01-01,31,0,0,4,12
"Item 000006",2023-01-01,816,0,0,6,6
"Item 000007",2023-01-01,81,0,0,4,8
"Item 000008",2023-01-01,744,0,0,6,10
"Item 000009",2023-01-01,66,0,0,4,12
"Item 000010",2023-01-01,271,0,0,4,12
"Item 000011",2023-01-01,243,0,0,4,8
"Item 000012",2023-01-01,64,0,0,4,12
"Item 000013",2023-01-01,644,0,0,6,10
"Item 000014",2023-01-01,86,0,0,6,10
"Item 000015",2023-01-01,60,0,0,6,12
"Item 000016",2023-01-01,934,0,0,6,10
"Item 000017",2023-01-01,5,0,0,4,12
"Item 000018",2023-01-01,587,0,0,6,8
"Item 000019",2023-01-01,63,0,0,4,26
"Item 000020",2023-01-01,638,0,0,6,10
"Item 000021",2023-01-01,322,0,1386,4,12
"Item 000022",2023-01-01,75,0,0,6,12
"Item 000023",2023-01-01,82,0,0,6,26
"Item 000024",2023-01-01,66,0,0,6,26
"Item 000025",2023-01-01,72,0,0,4,12
"Item 000026",2023-01-01,66,0,0,4,8
"Item 000027",2023-01-01,257,0,2053,4,8
"Item 000028",2023-01-01,1576,0,756,6,10
"Item 000029",2023-01-01,893,0,0,4,12
"Item 000030",2023-01-01,596,0,0,4,12
"Item 000031",2023-01-01,726,0,0,6,8
"Item 000032",2023-01-01,655,0,0,6,8
"Item 000033",2023-01-01,3961,0,20327,6,8
"Item 000034",2023-01-01,595,0,2,6,8
"Item 000035",2023-01-01,121,0,1584,6,8
"Item 000036",2023-01-01,36,0,23,6,8
"Item 000037",2023-01-01,827,0,0,6,8
"Item 000038",2023-01-01,1856,0,0,6,8
"Item 000039",2023-01-01,74,0,1040,6,8
"Item 000040",2023-01-01,71,0,980,6,8
"Item 000041",2023-01-01,1539,0,0,6,8
"Item 000042",2023-01-01,477,0,0,6,8
"Item 000043",2023-01-01,731,0,2871,6,8
"Item 000044",2023-01-01,528,0,0,6,8
"Item 000045",2023-01-01,25,0,0,6,8
"Item 000046",2023-01-01,238,0,0,6,8
"Item 000047",2023-01-01,136,0,0,6,8
"Item 000048",2023-01-01,1285,0,0,6,8
"Item 000049",2023-01-01,486,0,0,6,8
"Item 000050",2023-01-01,74,0,0,6,8
"Item 000001",2023-01-08,62,0,0,4,8
"Item 000002",2023-01-08,26,0,0,4,6
"Item 000003",2023-01-08,243,0,0,4,12
"Item 000004",2023-01-08,96,0,0,6,6
"Item 000005",2023-01-08,31,0,0,4,12
"Item 000006",2023-01-08,608,0,0,6,6
"Item 000007",2023-01-08,77,0,0,4,8
"Item 000008",2023-01-08,850,0,0,6,10
"Item 000009",2023-01-08,66,0,0,4,12
"Item 000010",2023-01-08,271,0,0,4,12
"Item 000011",2023-01-08,243,0,0,4,8
"Item 000012",2023-01-08,61,0,0,4,12
"Item 000013",2023-01-08,859,0,0,6,10
"Item 000014",2023-01-08,53,0,0,6,10
"Item 000015",2023-01-08,97,0,0,6,12
"Item 000016",2023-01-08,654,0,0,6,10
"Item 000017",2023-01-08,6,0,0,4,12
"Item 000018",2023-01-08,612,0,0,6,8
"Item 000019",2023-01-08,70,0,0,4,26
"Item 000020",2023-01-08,985,0,0,6,10
"Item 000021",2023-01-08,322,0,0,4,12
"Item 000022",2023-01-08,96,0,0,6,12
"Item 000023",2023-01-08,76,0,0,6,26
"Item 000024",2023-01-08,71,0,0,6,26
"Item 000025",2023-01-08,82,0,0,4,12
"Item 000026",2023-01-08,54,0,0,4,8
"Item 000027",2023-01-08,257,0,0,4,8
"Item 000028",2023-01-08,1576,0,0,6,10
"Item 000029",2023-01-08,802,0,0,4,12
"Item 000030",2023-01-08,611,0,0,4,12
"Item 000031",2023-01-08,938,0,527,6,8
"Item 000032",2023-01-08,757,0,0,6,8
"Item 000033",2023-01-08,3961,0,0,6,8
"Item 000034",2023-01-08,733,0,0,6,8
"Item 000035",2023-01-08,121,0,1174,6,8
"Item 000036",2023-01-08,36,0,182,6,8
"Item 000037",2023-01-08,984,0,0,6,8
"Item 000038",2023-01-08,1856,0,0,6,8
"Item 000039",2023-01-08,74,0,0,6,8
"Item 000040",2023-01-08,71,0,0,6,8
"Item 000041",2023-01-08,1539,0,7280,6,8
"Item 000042",2023-01-08,477,0,0,6,8
"Item 000043",2023-01-08,731,0,0,6,8
"Item 000044",2023-01-08,810,0,0,6,8
"Item 000045",2023-01-08,25,0,0,6,8
"Item 000046",2023-01-08,238,0,0,6,8
"Item 000047",2023-01-08,136,0,0,6,8
"Item 000048",2023-01-08,1285,0,0,6,8
"Item 000049",2023-01-08,486,0,6816,6,8
"Item 000050",2023-01-08,74,0,0,6,8
"Item 000001",2023-01-15,52,0,0,4,8
"Item 000002",2023-01-15,26,0,0,4,6
"Item 000003",2023-01-15,243,0,0,4,12
"Item 000004",2023-01-15,96,0,0,6,6
"Item 000005",2023-01-15,31,0,0,4,12
"Item 000006",2023-01-15,726,0,0,6,6
"Item 000007",2023-01-15,95,0,0,4,8
"Item 000008",2023-01-15,500,0,0,6,10
"Item 000009",2023-01-15,66,0,0,4,12
"Item 000010",2023-01-15,271,0,0,4,12
"Item 000011",2023-01-15,243,0,0,4,8
"Item 000012",2023-01-15,96,0,0,4,12
"Item 000013",2023-01-15,584,0,0,6,10
"Item 000014",2023-01-15,63,0,0,6,10
"Item 000015",2023-01-15,69,0,0,6,12
"Item 000016",2023-01-15,951,0,0,6,10
"Item 000017",2023-01-15,7,0,0,4,12
"Item 000018",2023-01-15,611,0,0,6,8
"Item 000019",2023-01-15,91,0,0,4,26
"Item 000020",2023-01-15,672,0,0,6,10
"Item 000021",2023-01-15,322,0,0,4,12
"Item 000022",2023-01-15,64,0,0,6,12
"Item 000023",2023-01-15,88,0,0,6,26
"Item 000024",2023-01-15,99,0,0,6,26
"Item 000025",2023-01-15,91,0,0,4,12
"Item 000026",2023-01-15,65,0,0,4,8
"Item 000027",2023-01-15,257,0,0,4,8
"Item 000028",2023-01-15,1576,0,3024,6,10
"Item 000029",2023-01-15,839,0,0,4,12
"Item 000030",2023-01-15,839,0,0,4,12
"Item 000031",2023-01-15,507,0,0,6,8
"Item 000032",2023-01-15,996,0,0,6,8
"Item 000033",2023-01-15,3961,0,0,6,8
"Item 000034",2023-01-15,909,0,0,6,8
"Item 000035",2023-01-15,121,0,0,6,8
"Item 000036",2023-01-15,36,0,0,6,8
"Item 000037",2023-01-15,779,0,0,6,8
"Item 000038",2023-01-15,1856,0,0,6,8
"Item 000039",2023-01-15,74,0,0,6,8
"Item 000040",2023-01-15,71,0,0,6,8
"Item 000041",2023-01-15,1539,0,0,6,8
"Item 000042",2023-01-15,477,0,0,6,8
"Item 000043",2023-01-15,731,0,0,6,8
"Item 000044",2023-01-15,807,0,0,6,8
"Item 000045",2023-01-15,25,0,0,6,8
"Item 000046",2023-01-15,238,0,0,6,8
"Item 000047",2023-01-15,136,0,0,6,8
"Item 000048",2023-01-15,1285,0,0,6,8
"Item 000049",2023-01-15,486,0,0,6,8
"Item 000050",2023-01-15,74,0,0,6,8
"Item 000001",2023-01-22,82,0,0,4,8
"Item 000002",2023-01-22,26,0,0,4,6
"Item 000003",2023-01-22,243,0,0,4,12
"Item 000004",2023-01-22,96,0,0,6,6
"Item 000005",2023-01-22,31,0,0,4,12
"Item 000006",2023-01-22,716,0,0,6,6
"Item 000007",2023-01-22,97,0,0,4,8
"Item 000008",2023-01-22,903,0,0,6,10
"Item 000009",2023-01-22,66,0,0,4,12
"Item 000010",2023-01-22,271,0,0,4,12
"Item 000011",2023-01-22,243,0,0,4,8
"Item 000012",2023-01-22,94,0,0,4,12
"Item 000013",2023-01-22,992,0,0,6,10
"Item 000014",2023-01-22,67,0,0,6,10
"Item 000015",2023-01-22,61,0,0,6,12
"Item 000016",2023-01-22,719,0,0,6,10
"Item 000017",2023-01-22,8,0,0,4,12
"Item 000018",2023-01-22,847,0,0,6,8
"Item 000019",2023-01-22,54,0,0,4,26
"Item 000020",2023-01-22,668,0,0,6,10
"Item 000021",2023-01-22,322,0,0,4,12
"Item 000022",2023-01-22,52,0,0,6,12
"Item 000023",2023-01-22,78,0,0,6,26
"Item 000024",2023-01-22,75,0,0,6,26
"Item 000025",2023-01-22,64,0,0,4,12
"Item 000026",2023-01-22,75,0,0,4,8
"Item 000027",2023-01-22,257,0,0,4,8
"Item 000028",2023-01-22,1576,0,0,6,10
"Item 000029",2023-01-22,577,0,0,4,12
"Item 000030",2023-01-22,721,0,0,4,12
"Item 000031",2023-01-22,755,0,0,6,8
"Item 000032",2023-01-22,867,0,0,6,8
"Item 000033",2023-01-22,3961,0,0,6,8
"Item 000034",2023-01-22,628,0,0,6,8
"Item 000035",2023-01-22,121,0,467,6,8
"Item 000036",2023-01-22,36,0,0,6,8
"Item 000037",2023-01-22,980,0,0,6,8
"Item 000038",2023-01-22,1856,0,3465,6,8
"Item 000039",2023-01-22,74,0,0,6,8
"Item 000040",2023-01-22,71,0,0,6,8
"Item 000041",2023-01-22,1539,0,0,6,8
"Item 000042",2023-01-22,477,0,2381,6,8
"Item 000043",2023-01-22,731,0,0,6,8
"Item 000044",2023-01-22,506,0,0,6,8
"Item 000045",2023-01-22,25,0,0,6,8
"Item 000046",2023-01-22,238,0,0,6,8
"Item 000047",2023-01-22,136,0,0,6,8
"Item 000048",2023-01-22,1285,0,0,6,8
"Item 000049",2023-01-22,486,0,0,6,8
"Item 000050",2023-01-22,74,0,0,6,8
"Item 000001",2023-01-29,107,0,0,4,8
"Item 000002",2023-01-29,0,0,0,4,6
"Item 000003",2023-01-29,90,0,0,4,12
"Item 000004",2023-01-29,42,0,0,6,6
"Item 000005",2023-01-29,18,0,0,4,12
"Item 000006",2023-01-29,532,0,0,6,6
"Item 000007",2023-01-29,63,0,0,4,8
"Item 000008",2023-01-29,802,0,0,6,10
"Item 000009",2023-01-29,0,0,0,4,12
"Item 000010",2023-01-29,77,0,0,4,12
"Item 000011",2023-01-29,132,0,0,4,8
"Item 000012",2023-01-29,81,0,0,4,12
"Item 000013",2023-01-29,705,0,0,6,10
"Item 000014",2023-01-29,86,0,0,6,10
"Item 000015",2023-01-29,80,0,0,6,12
"Item 000016",2023-01-29,802,0,0,6,10
"Item 000017",2023-01-29,9,0,0,4,12
"Item 000018",2023-01-29,944,0,0,6,8
"Item 000019",2023-01-29,77,0,0,4,26
"Item 000020",2023-01-29,819,0,0,6,10
"Item 000021",2023-01-29,128,0,0,4,12
"Item 000022",2023-01-29,79,0,0,6,12
"Item 000023",2023-01-29,90,0,0,6,26
"Item 000024",2023-01-29,50,0,0,6,26
"Item 000025",2023-01-29,65,0,0,4,12
"Item 000026",2023-01-29,74,0,0,4,8
"Item 000027",2023-01-29,114,0,0,4,8
"Item 000028",2023-01-29,541,0,1386,6,10
"Item 000029",2023-01-29,709,0,0,4,12
"Item 000030",2023-01-29,832,0,0,4,12
"Item 000031",2023-01-29,76,0,0,6,8
"Item 000032",2023-01-29,326,0,0,6,8
"Item 000033",2023-01-29,1981,0,0,6,8
"Item 000034",2023-01-29,25,0,0,6,8
"Item 000035",2023-01-29,86,0,0,6,8
"Item 000036",2023-01-29,30,0,0,6,8
"Item 000037",2023-01-29,513,0,0,6,8
"Item 000038",2023-01-29,789,0,3311,6,8
"Item 000039",2023-01-29,132,0,195,6,8
"Item 000040",2023-01-29,51,0,0,6,8
"Item 000041",2023-01-29,755,0,0,6,8
"Item 000042",2023-01-29,273,0,0,6,8
"Item 000043",2023-01-29,375,0,0,6,8
"Item 000044",2023-01-29,892,0,0,6,8
"Item 000045",2023-01-29,15,0,0,6,8
"Item 000046",2023-01-29,119,0,0,6,8
"Item 000047",2023-01-29,77,0,0,6,8
"Item 000048",2023-01-29,488,0,0,6,8
"Item 000049",2023-01-29,337,0,0,6,8
"Item 000050",2023-01-29,46,0,587,6,8
"Item 000001",2023-02-05,187,0,0,4,8
"Item 000002",2023-02-05,0,0,0,4,6
"Item 000003",2023-02-05,156,0,0,4,12
"Item 000004",2023-02-05,72,0,0,6,6
"Item 000005",2023-02-05,31,0,0,4,12
"Item 000006",2023-02-05,904,0,0,6,6
"Item 000007",2023-02-05,91,0,0,4,8
"Item 000008",2023-02-05,596,0,0,6,10
"Item 000009",2023-02-05,0,0,0,4,12
"Item 000010",2023-02-05,134,0,0,4,12
"Item 000011",2023-02-05,231,0,0,4,8
"Item 000012",2023-02-05,80,0,0,4,12
"Item 000013",2023-02-05,815,0,0,6,10
"Item 000014",2023-02-05,99,0,0,6,10
"Item 000015",2023-02-05,54,0,0,6,12
"Item 000016",2023-02-05,709,0,0,6,10
"Item 000017",2023-02-05,10,0,0,4,12
"Item 000018",2023-02-05,528,0,0,6,8
"Item 000019",2023-02-05,93,0,0,4,26
"Item 000020",2023-02-05,844,0,0,6,10
"Item 000021",2023-02-05,223,0,0,4,12
"Item 000022",2023-02-05,64,0,0,6,12
"Item 000023",2023-02-05,97,0,0,6,26
"Item 000024",2023-02-05,99,0,0,6,26
"Item 000025",2023-02-05,61,0,0,4,12
"Item 000026",2023-02-05,80,0,0,4,8
"Item 000027",2023-02-05,200,0,0,4,8
"Item 000028",2023-02-05,946,0,0,6,10
"Item 000029",2023-02-05,792,0,0,4,12
"Item 000030",2023-02-05,588,0,0,4,12
"Item 000031",2023-02-05,132,0,0,6,8
"Item 000032",2023-02-05,571,0,0,6,8
"Item 000033",2023-02-05,3466,0,0,6,8
"Item 000034",2023-02-05,44,0,0,6,8
"Item 000035",2023-02-05,150,0,0,6,8
"Item 000036",2023-02-05,52,0,0,6,8
"Item 000037",2023-02-05,810,0,0,6,8
"Item 000038",2023-02-05,1381,0,0,6,8
"Item 000039",2023-02-05,230,0,0,6,8
"Item 000040",2023-02-05,88,0,0,6,8
"Item 000041",2023-02-05,1321,0,3024,6,8
"Item 000042",2023-02-05,477,0,0,6,8
"Item 000043",2023-02-05,655,0,2871,6,8
"Item 000044",2023-02-05,501,0,0,6,8
"Item 000045",2023-02-05,25,0,0,6,8
"Item 000046",2023-02-05,208,0,0,6,8
"Item 000047",2023-02-05,134,0,0,6,8
"Item 000048",2023-02-05,853,0,0,6,8
"Item 000049",2023-02-05,589,0,0,6,8
"Item 000050",2023-02-05,81,0,0,6,8
"Item 000001",2023-02-12,187,0,0,4,8
"Item 000002",2023-02-12,0,0,0,4,6
"Item 000003",2023-02-12,156,0,0,4,12
"Item 000004",2023-02-12,72,0,0,6,6
"Item 000005",2023-02-12,31,0,0,4,12
"Item 000006",2023-02-12,978,0,0,6,6
"Item 000007",2023-02-12,97,0,0,4,8
"Item 000008",2023-02-12,683,0,0,6,10
"Item 000009",2023-02-12,0,0,0,4,12
"Item 000010",2023-02-12,134,0,0,4,12
"Item 000011",2023-02-12,231,0,576,4,8
"Item 000012",2023-02-12,76,0,0,4,12
"Item 000013",2023-02-12,790,0,0,6,10
"Item 000014",2023-02-12,50,0,0,6,10
"Item 000015",2023-02-12,70,0,0,6,12
"Item 000016",2023-02-12,733,0,0,6,10
"Item 000017",2023-02-12,11,0,0,4,12
"Item 000018",2023-02-12,935,0,0,6,8
"Item 000019",2023-02-12,70,0,0,4,26
"Item 000020",2023-02-12,619,0,0,6,10
"Item 000021",2023-02-12,223,0,0,4,12
"Item 000022",2023-02-12,93,0,0,6,12
"Item 000023",2023-02-12,57,0,0,6,26
"Item 000024",2023-02-12,57,0,0,6,26
"Item 000025",2023-02-12,88,0,0,4,12
"Item 000026",2023-02-12,100,0,0,4,8
"Item 000027",2023-02-12,200,0,456,4,8
"Item 000028",2023-02-12,946,0,0,6,10
"Item 000029",2023-02-12,526,0,0,4,12
"Item 000030",2023-02-12,714,0,0,4,12
"Item 000031",2023-02-12,132,0,0,6,8
"Item 000032",2023-02-12,571,0,6840,6,8
"Item 000033",2023-02-12,3466,0,15180,6,8
"Item 000034",2023-02-12,44,0,0,6,8
"Item 000035",2023-02-12,150,0,0,6,8
"Item 000036",2023-02-12,52,0,0,6,8
"Item 000037",2023-02-12,761,0,0,6,8
"Item 000038",2023-02-12,1381,0,0,6,8
"Item 000039",2023-02-12,230,0,0,6,8
"Item 000040",2023-02-12,88,0,0,6,8
"Item 000041",2023-02-12,1321,0,1344,6,8
"Item 000042",2023-02-12,477,0,0,6,8
"Item 000043",2023-02-12,655,0,2376,6,8
"Item 000044",2023-02-12,682,0,0,6,8
"Item 000045",2023-02-12,25,0,0,6,8
"Item 000046",2023-02-12,208,0,1800,6,8
"Item 000047",2023-02-12,134,0,0,6,8
"Item 000048",2023-02-12,853,0,0,6,8
"Item 000049",2023-02-12,589,0,0,6,8
"Item 000050",2023-02-12,81,0,0,6,8
"Item 000001",2023-02-19,187,0,0,4,8
"Item 000002",2023-02-19,0,0,0,4,6
"Item 000003",2023-02-19,156,0,0,4,12
"Item 000004",2023-02-19,72,0,0,6,6
"Item 000005",2023-02-19,31,0,0,4,12
"Item 000006",2023-02-19,698,0,0,6,6
"Item 000007",2023-02-19,65,0,0,4,8
"Item 000008",2023-02-19,864,0,0,6,10
"Item 000009",2023-02-19,0,0,0,4,12
"Item 000010",2023-02-19,134,0,0,4,12
"Item 000011",2023-02-19,231,0,0,4,8
"Item 000012",2023-02-19,96,0,0,4,12
"Item 000013",2023-02-19,752,0,0,6,10
"Item 000014",2023-02-19,92,0,0,6,10
"Item 000015",2023-02-19,67,0,0,6,12
"Item 000016",2023-02-19,817,0,0,6,10
"Item 000017",2023-02-19,12,0,0,4,12
"Item 000018",2023-02-19,523,0,0,6,8
"Item 000019",2023-02-19,93,0,0,4,26
"Item 000020",2023-02-19,905,0,0,6,10
"Item 000021",2023-02-19,223,0,0,4,12
"Item 000022",2023-02-19,88,0,0,6,12
"Item 000023",2023-02-19,64,0,0,6,26
"Item 000024",2023-02-19,68,0,0,6,26
"Item 000025",2023-02-19,58,0,0,4,12
"Item 000026",2023-02-19,81,0,0,4,8
"Item 000027",2023-02-19,200,0,0,4,8
"Item 000028",2023-02-19,946,0,0,6,10
"Item 000029",2023-02-19,806,0,0,4,12
"Item 000030",2023-02-19,901,0,1536,4,12
"Item 000031",2023-02-19,132,0,0,6,8
"Item 000032",2023-02-19,571,0,0,6,8
"Item 000033",2023-02-19,3466,0,0,6,8
"Item 000034",2023-02-19,44,0,0,6,8
"Item 000035",2023-02-19,150,0,0,6,8
"Item 000036",2023-02-19,52,0,0,6,8
"Item 000037",2023-02-19,832,0,0,6,8
"Item 000038",2023-02-19,1381,0,10087,6,8
"Item 000039",2023-02-19,230,0,0,6,8
"Item 000040",2023-02-19,88,0,0,6,8
"Item 000041",2023-02-19,1321,0,4144,6,8
"Item 000042",2023-02-19,477,0,0,6,8
"Item 000043",2023-02-19,655,0,0,6,8
"Item 000044",2023-02-19,844,0,0,6,8
"Item 000045",2023-02-19,25,0,0,6,8
"Item 000046",2023-02-19,208,0,0,6,8
"Item 000047",2023-02-19,134,0,0,6,8
"Item 000048",2023-02-19,853,0,0,6,8
"Item 000049",2023-02-19,589,0,0,6,8
"Item 000050",2023-02-19,81,0,0,6,8
"Item 000001",2023-02-26,81,0,0,4,8
"Item 000002",2023-02-26,16,0,0,4,6
"Item 000003",2023-02-26,150,0,0,4,12
"Item 000004",2023-02-26,72,0,0,6,6
"Item 000005",2023-02-26,31,0,0,4,12
"Item 000006",2023-02-26,990,0,0,6,6
"Item 000007",2023-02-26,92,0,0,4,8
"Item 000008",2023-02-26,768,0,0,6,10
"Item 000009",2023-02-26,38,0,0,4,12
"Item 000010",2023-02-26,96,0,0,4,12
"Item 000011",2023-02-26,99,0,0,4,8
"Item 000012",2023-02-26,68,0,0,4,12
"Item 000013",2023-02-26,715,0,0,6,10
"Item 000014",2023-02-26,97,0,0,6,10
"Item 000015",2023-02-26,83,0,0,6,12
"Item 000016",2023-02-26,705,0,0,6,10
"Item 000017",2023-02-26,13,0,0,4,12
"Item 000018",2023-02-26,914,0,0,6,8
"Item 000019",2023-02-26,70,0,0,4,26
"Item 000020",2023-02-26,562,0,0,6,10
"Item 000021",2023-02-26,223,0,1386,4,12
"Item 000022",2023-02-26,76,0,0,6,12
"Item 000023",2023-02-26,75,0,0,6,26
"Item 000024",2023-02-26,70,0,0,6,26
"Item 000025",2023-02-26,99,0,0,4,12
"Item 000026",2023-02-26,55,0,0,4,8
"Item 000027",2023-02-26,102,0,0,4,8
"Item 000028",2023-02-26,424,0,0,6,10
"Item 000029",2023-02-26,841,0,0,4,12
"Item 000030",2023-02-26,855,0,0,4,12
"Item 000031",2023-02-26,76,0,0,6,8
"Item 000032",2023-02-26,245,0,0,6,8
"Item 000033",2023-02-26,2900,0,0,6,8
"Item 000034",2023-02-26,19,0,0,6,8
"Item 000035",2023-02-26,150,0,0,6,8
"Item 000036",2023-02-26,40,0,0,6,8
"Item 000037",2023-02-26,732,0,0,6,8
"Item 000038",2023-02-26,1510,0,0,6,8
"Item 000039",2023-02-26,156,0,455,6,8
"Item 000040",2023-02-26,88,0,0,6,8
"Item 000041",2023-02-26,1394,0,0,6,8
"Item 000042",2023-02-26,408,0,1785,6,8
"Item 000043",2023-02-26,614,0,0,6,8
"Item 000044",2023-02-26,899,0,0,6,8
"Item 000045",2023-02-26,25,0,0,6,8
"Item 000046",2023-02-26,207,0,2160,6,8
"Item 000047",2023-02-26,135,0,0,6,8
"Item 000048",2023-02-26,679,0,0,6,8
"Item 000049",2023-02-26,419,0,0,6,8
"Item 000050",2023-02-26,77,0,0,6,8
"Item 000001",2023-03-05,73,0,0,4,8
"Item 000002",2023-03-05,28,0,0,4,6
"Item 000003",2023-03-05,145,0,0,4,12
"Item 000004",2023-03-05,72,0,0,6,6
"Item 000005",2023-03-05,31,0,0,4,12
"Item 000006",2023-03-05,617,0,0,6,6
"Item 000007",2023-03-05,78,0,0,4,8
"Item 000008",2023-03-05,713,0,0,6,10
"Item 000009",2023-03-05,66,0,0,4,12
"Item 000010",2023-03-05,67,0,0,4,12
"Item 000011",2023-03-05,89,0,0,4,8
"Item 000012",2023-03-05,61,0,0,4,12
"Item 000013",2023-03-05,946,0,0,6,10
"Item 000014",2023-03-05,69,0,0,6,10
"Item 000015",2023-03-05,82,0,0,6,12
"Item 000016",2023-03-05,885,0,0,6,10
"Item 000017",2023-03-05,14,0,0,4,12
"Item 000018",2023-03-05,827,0,0,6,8
"Item 000019",2023-03-05,54,0,0,4,26
"Item 000020",2023-03-05,889,0,0,6,10
"Item 000021",2023-03-05,223,0,0,4,12
"Item 000022",2023-03-05,94,0,0,6,12
"Item 000023",2023-03-05,76,0,0,6,26
"Item 000024",2023-03-05,60,0,0,6,26
"Item 000025",2023-03-05,64,0,0,4,12
"Item 000026",2023-03-05,76,0,0,4,8
"Item 000027",2023-03-05,29,0,0,4,8
"Item 000028",2023-03-05,32,0,0,6,10
"Item 000029",2023-03-05,541,0,0,4,12
"Item 000030",2023-03-05,956,0,0,4,12
"Item 000031",2023-03-05,34,0,0,6,8
"Item 000032",2023-03-05,690,0,0,6,8
"Item 000033",2023-03-05,2476,0,0,6,8
"Item 000034",2023-03-05,0,0,0,6,8
"Item 000035",2023-03-05,150,0,0,6,8
"Item 000036",2023-03-05,31,0,0,6,8
"Item 000037",2023-03-05,977,0,0,6,8
"Item 000038",2023-03-05,1607,0,0,6,8
"Item 000039",2023-03-05,101,0,0,6,8
"Item 000040",2023-03-05,88,0,0,6,8
"Item 000041",2023-03-05,1448,0,0,6,8
"Item 000042",2023-03-05,357,0,0,6,8
"Item 000043",2023-03-05,584,0,0,6,8
"Item 000044",2023-03-05,859,0,0,6,8
"Item 000045",2023-03-05,24,0,0,6,8
"Item 000046",2023-03-05,206,0,0,6,8
"Item 000047",2023-03-05,136,0,0,6,8
"Item 000048",2023-03-05,549,0,0,6,8
"Item 000049",2023-03-05,291,0,0,6,8
"Item 000050",2023-03-05,74,0,0,6,8
"Item 000001",2023-03-12,0,0,0,4,8
"Item 000002",2023-03-12,28,0,0,4,6
"Item 000003",2023-03-12,145,0,0,4,12
"Item 000004",2023-03-12,72,0,0,6,6
"Item 000005",2023-03-12,31,0,0,4,12
"Item 000006",2023-03-12,880,0,0,6,6
"Item 000007",2023-03-12,62,0,0,4,8
"Item 000008",2023-03-12,637,0,0,6,10
"Item 000009",2023-03-12,66,0,0,4,12
"Item 000010",2023-03-12,67,0,0,4,12
"Item 000011",2023-03-12,91,0,0,4,8
"Item 000012",2023-03-12,89,0,0,4,12
"Item 000013",2023-03-12,508,0,0,6,10
"Item 000014",2023-03-12,91,0,0,6,10
"Item 000015",2023-03-12,64,0,0,6,12
"Item 000016",2023-03-12,798,0,0,6,10
"Item 000017",2023-03-12,15,0,0,4,12
"Item 000018",2023-03-12,835,0,0,6,8
"Item 000019",2023-03-12,55,0,0,4,26
"Item 000020",2023-03-12,866,0,0,6,10
"Item 000021",2023-03-12,223,0,0,4,12
"Item 000022",2023-03-12,53,0,0,6,12
"Item 000023",2023-03-12,94,0,0,6,26
"Item 000024",2023-03-12,98,0,0,6,26
"Item 000025",2023-03-12,82,0,0,4,12
"Item 000026",2023-03-12,97,0,0,4,8
"Item 000027",2023-03-12,29,0,0,4,8
"Item 000028",2023-03-12,32,0,0,6,10
"Item 000029",2023-03-12,523,0,0,4,12
"Item 000030",2023-03-12,812,0,0,4,12
"Item 000031",2023-03-12,34,0,0,6,8
"Item 000032",2023-03-12,781,0,0,6,8
"Item 000033",2023-03-12,2476,0,0,6,8
"Item 000034",2023-03-12,0,0,0,6,8
"Item 000035",2023-03-12,150,0,0,6,8
"Item 000036",2023-03-12,31,0,0,6,8
"Item 000037",2023-03-12,881,0,0,6,8
"Item 000038",2023-03-12,1607,0,0,6,8
"Item 000039",2023-03-12,101,0,0,6,8
"Item 000040",2023-03-12,88,0,0,6,8
"Item 000041",2023-03-12,1448,0,0,6,8
"Item 000042",2023-03-12,357,0,0,6,8
"Item 000043",2023-03-12,584,0,0,6,8
"Item 000044",2023-03-12,750,0,0,6,8
"Item 000045",2023-03-12,24,0,0,6,8
"Item 000046",2023-03-12,206,0,0,6,8
"Item 000047",2023-03-12,136,0,0,6,8
"Item 000048",2023-03-12,549,0,0,6,8
"Item 000049",2023-03-12,291,0,0,6,8
"Item 000050",2023-03-12,74,0,0,6,8
"Item 000001",2023-03-19,0,0,0,4,8
"Item 000002",2023-03-19,28,0,0,4,6
"Item 000003",2023-03-19,145,0,0,4,12
"Item 000004",2023-03-19,72,0,0,6,6
"Item 000005",2023-03-19,31,0,0,4,12
"Item 000006",2023-03-19,938,0,0,6,6
"Item 000007",2023-03-19,60,0,0,4,8
"Item 000008",2023-03-19,688,0,0,6,10
"Item 000009",2023-03-19,66,0,0,4,12
"Item 000010",2023-03-19,67,0,0,4,12
"Item 000011",2023-03-19,74,0,0,4,8
"Item 000012",2023-03-19,75,0,0,4,12
"Item 000013",2023-03-19,908,0,0,6,10
"Item 000014",2023-03-19,96,0,0,6,10
"Item 000015",2023-03-19,78,0,0,6,12
"Item 000016",2023-03-19,831,0,0,6,10
"Item 000017",2023-03-19,16,0,0,4,12
"Item 000018",2023-03-19,828,0,0,6,8
"Item 000019",2023-03-19,58,0,0,4,26
"Item 000020",2023-03-19,635,0,0,6,10
"Item 000021",2023-03-19,223,0,0,4,12
"Item 000022",2023-03-19,58,0,0,6,12
"Item 000023",2023-03-19,60,0,0,6,26
"Item 000024",2023-03-19,65,0,0,6,26
"Item 000025",2023-03-19,84,0,0,4,12
"Item 000026",2023-03-19,81,0,0,4,8
"Item 000027",2023-03-19,29,0,0,4,8
"Item 000028",2023-03-19,32,0,0,6,10
"Item 000029",2023-03-19,799,0,0,4,12
"Item 000030",2023-03-19,890,0,0,4,12
"Item 000031",2023-03-19,34,0,0,6,8
"Item 000032",2023-03-19,674,0,0,6,8
"Item 000033",2023-03-19,2476,0,0,6,8
"Item 000034",2023-03-19,0,0,0,6,8
"Item 000035",2023-03-19,150,0,0,6,8
"Item 000036",2023-03-19,31,0,0,6,8
"Item 000037",2023-03-19,667,0,0,6,8
"Item 000038",2023-03-19,1607,0,0,6,8
"Item 000039",2023-03-19,101,0,0,6,8
"Item 000040",2023-03-19,88,0,0,6,8
"Item 000041",2023-03-19,1448,0,0,6,8
"Item 000042",2023-03-19,357,0,0,6,8
"Item 000043",2023-03-19,584,0,0,6,8
"Item 000044",2023-03-19,717,0,0,6,8
"Item 000045",2023-03-19,24,0,0,6,8
"Item 000046",2023-03-19,206,0,0,6,8
"Item 000047",2023-03-19,136,0,0,6,8
"Item 000048",2023-03-19,549,0,0,6,8
"Item 000049",2023-03-19,291,0,0,6,8
"Item 000050",2023-03-19,74,0,0,6,8
"Item 000001",2023-03-26,27,0,0,4,8
"Item 000002",2023-03-26,18,0,0,4,6
"Item 000003",2023-03-26,83,0,0,4,12
"Item 000004",2023-03-26,48,0,0,6,6
"Item 000005",2023-03-26,18,0,0,4,12
"Item 000006",2023-03-26,779,0,0,6,6
"Item 000007",2023-03-26,92,0,0,4,8
"Item 000008",2023-03-26,670,0,0,6,10
"Item 000009",2023-03-26,29,0,0,4,12
"Item 000010",2023-03-26,39,0,0,4,12
"Item 000011",2023-03-26,67,0,0,4,8
"Item 000012",2023-03-26,67,0,0,4,12
"Item 000013",2023-03-26,968,0,0,6,10
"Item 000014",2023-03-26,58,0,0,6,10
"Item 000015",2023-03-26,87,0,0,6,12
"Item 000016",2023-03-26,866,0,0,6,10
"Item 000017",2023-03-26,17,0,0,4,12
"Item 000018",2023-03-26,882,0,0,6,8
"Item 000019",2023-03-26,53,0,0,4,26
"Item 000020",2023-03-26,898,0,0,6,10
"Item 000021",2023-03-26,124,0,0,4,12
"Item 000022",2023-03-26,51,0,0,6,12
"Item 000023",2023-03-26,99,0,0,6,26
"Item 000024",2023-03-26,81,0,0,6,26
"Item 000025",2023-03-26,74,0,0,4,12
"Item 000026",2023-03-26,81,0,0,4,8
"Item 000027",2023-03-26,13,0,0,4,8
"Item 000028",2023-03-26,14,0,0,6,10
"Item 000029",2023-03-26,700,0,0,4,12
"Item 000030",2023-03-26,817,0,0,4,12
"Item 000031",2023-03-26,19,0,0,6,8
"Item 000032",2023-03-26,163,0,0,6,8
"Item 000033",2023-03-26,1539,0,0,6,8
"Item 000034",2023-03-26,0,0,0,6,8
"Item 000035",2023-03-26,86,0,0,6,8
"Item 000036",2023-03-26,17,0,0,6,8
"Item 000037",2023-03-26,3,0,0,6,8
"Item 000038",2023-03-26,849,0,0,6,8
"Item 000039",2023-03-26,56,0,0,6,8
"Item 000040",2023-03-26,53,0,0,6,8
"Item 000041",2023-03-26,809,0,0,6,8
"Item 000042",2023-03-26,204,0,0,6,8
"Item 000043",2023-03-26,344,0,0,6,8
"Item 000044",2023-03-26,890,0,0,6,8
"Item 000045",2023-03-26,14,0,0,6,8
"Item 000046",2023-03-26,114,0,0,6,8
"Item 000047",2023-03-26,58,0,0,6,8
"Item 000048",2023-03-26,266,0,0,6,8
"Item 000049",2023-03-26,211,0,0,6,8
"Item 000050",2023-03-26,39,0,0,6,8
"Item 000001",2023-04-02,187,0,0,4,8
"Item 000002",2023-04-02,39,0,0,4,6
"Item 000003",2023-04-02,145,0,0,4,12
"Item 000004",2023-04-02,121,0,0,6,6
"Item 000005",2023-04-02,31,0,0,4,12
"Item 000006",2023-04-02,713,0,0,6,6
"Item 000007",2023-04-02,69,0,0,4,8
"Item 000008",2023-04-02,759,0,0,6,10
"Item 000009",2023-04-02,59,0,0,4,12
"Item 000010",2023-04-02,73,0,0,4,12
"Item 000011",2023-04-02,94,0,0,4,8
"Item 000012",2023-04-02,82,0,0,4,12
"Item 000013",2023-04-02,557,0,0,6,10
"Item 000014",2023-04-02,57,0,0,6,10
"Item 000015",2023-04-02,92,0,0,6,12
"Item 000016",2023-04-02,763,0,0,6,10
"Item 000017",2023-04-02,18,0,0,4,12
"Item 000018",2023-04-02,601,0,0,6,8
"Item 000019",2023-04-02,54,0,0,4,26
"Item 000020",2023-04-02,524,0,0,6,10
"Item 000021",2023-04-02,198,0,0,4,12
"Item 000022",2023-04-02,54,0,0,6,12
"Item 000023",2023-04-02,57,0,0,6,26
"Item 000024",2023-04-02,88,0,0,6,26
"Item 000025",2023-04-02,70,0,0,4,12
"Item 000026",2023-04-02,80,0,0,4,8
"Item 000027",2023-04-02,0,0,0,4,8
"Item 000028",2023-04-02,0,0,0,6,10
"Item 000029",2023-04-02,813,0,0,4,12
"Item 000030",2023-04-02,780,0,0,4,12
"Item 000031",2023-04-02,34,0,0,6,8
"Item 000032",2023-04-02,1141,0,0,6,8
"Item 000033",2023-04-02,3342,0,0,6,8
"Item 000034",2023-04-02,0,0,0,6,8
"Item 000035",2023-04-02,150,0,0,6,8
"Item 000036",2023-04-02,23,0,0,6,8
"Item 000037",2023-04-02,20,0,0,6,8
"Item 000038",2023-04-02,1117,0,0,6,8
"Item 000039",2023-04-02,90,0,0,6,8
"Item 000040",2023-04-02,106,0,0,6,8
"Item 000041",2023-04-02,1320,0,0,6,8
"Item 000042",2023-04-02,357,0,0,6,8
"Item 000043",2023-04-02,653,0,0,6,8
"Item 000044",2023-04-02,766,0,0,6,8
"Item 000045",2023-04-02,26,0,0,6,8
"Item 000046",2023-04-02,180,0,0,6,8
"Item 000047",2023-04-02,0,0,0,6,8
"Item 000048",2023-04-02,211,0,0,6,8
"Item 000049",2023-04-02,605,0,0,6,8
"Item 000050",2023-04-02,49,0,0,6,8
"Item 000001",2023-04-09,187,0,0,4,8
"Item 000002",2023-04-09,39,0,0,4,6
"Item 000003",2023-04-09,145,0,0,4,12
"Item 000004",2023-04-09,121,0,0,6,6
"Item 000005",2023-04-09,31,0,0,4,12
"Item 000006",2023-04-09,628,0,0,6,6
"Item 000007",2023-04-09,98,0,0,4,8
"Item 000008",2023-04-09,918,0,0,6,10
"Item 000009",2023-04-09,72,0,0,4,12
"Item 000010",2023-04-09,73,0,0,4,12
"Item 000011",2023-04-09,61,0,0,4,8
"Item 000012",2023-04-09,92,0,0,4,12
"Item 000013",2023-04-09,980,0,0,6,10
"Item 000014",2023-04-09,98,0,0,6,10
"Item 000015",2023-04-09,59,0,0,6,12
"Item 000016",2023-04-09,725,0,0,6,10
"Item 000017",2023-04-09,19,0,0,4,12
"Item 000018",2023-04-09,900,0,0,6,8
"Item 000019",2023-04-09,53,0,0,4,26
"Item 000020",2023-04-09,617,0,0,6,10
"Item 000021",2023-04-09,198,0,0,4,12
"Item 000022",2023-04-09,63,0,0,6,12
"Item 000023",2023-04-09,60,0,0,6,26
"Item 000024",2023-04-09,72,0,0,6,26
"Item 000025",2023-04-09,98,0,0,4,12
"Item 000026",2023-04-09,81,0,0,4,8
"Item 000027",2023-04-09,0,0,0,4,8
"Item 000028",2023-04-09,0,0,0,6,10
"Item 000029",2023-04-09,590,0,0,4,12
"Item 000030",2023-04-09,628,0,0,4,12
"Item 000031",2023-04-09,34,0,0,6,8
"Item 000032",2023-04-09,1141,0,0,6,8
"Item 000033",2023-04-09,3342,0,0,6,8
"Item 000034",2023-04-09,0,0,0,6,8
"Item 000035",2023-04-09,150,0,0,6,8
"Item 000036",2023-04-09,23,0,0,6,8
"Item 000037",2023-04-09,20,0,0,6,8
"Item 000038",2023-04-09,1117,0,0,6,8
"Item 000039",2023-04-09,90,0,0,6,8
"Item 000040",2023-04-09,106,0,0,6,8
"Item 000041",2023-04-09,1320,0,0,6,8
"Item 000042",2023-04-09,357,0,0,6,8
"Item 000043",2023-04-09,653,0,0,6,8
"Item 000044",2023-04-09,916,0,0,6,8
"Item 000045",2023-04-09,26,0,0,6,8
"Item 000046",2023-04-09,180,0,0,6,8
"Item 000047",2023-04-09,0,0,0,6,8
"Item 000048",2023-04-09,211,0,0,6,8
"Item 000049",2023-04-09,605,0,0,6,8
"Item 000050",2023-04-09,49,0,0,6,8
"Item 000001",2023-04-16,187,0,0,4,8
"Item 000002",2023-04-16,39,0,0,4,6
"Item 000003",2023-04-16,145,0,0,4,12
"Item 000004",2023-04-16,121,0,0,6,6
"Item 000005",2023-04-16,31,0,0,4,12
"Item 000006",2023-04-16,959,0,0,6,6
"Item 000007",2023-04-16,85,0,0,4,8
"Item 000008",2023-04-16,773,0,0,6,10
"Item 000009",2023-04-16,52,0,0,4,12
"Item 000010",2023-04-16,73,0,0,4,12
"Item 000011",2023-04-16,61,0,0,4,8
"Item 000012",2023-04-16,74,0,0,4,12
"Item 000013",2023-04-16,791,0,0,6,10
"Item 000014",2023-04-16,67,0,0,6,10
"Item 000015",2023-04-16,99,0,0,6,12
"Item 000016",2023-04-16,602,0,0,6,10
"Item 000017",2023-04-16,20,0,0,4,12
"Item 000018",2023-04-16,945,0,0,6,8
"Item 000019",2023-04-16,95,0,0,4,26
"Item 000020",2023-04-16,560,0,0,6,10
"Item 000021",2023-04-16,198,0,0,4,12
"Item 000022",2023-04-16,94,0,0,6,12
"Item 000023",2023-04-16,100,0,0,6,26
"Item 000024",2023-04-16,56,0,0,6,26
"Item 000025",2023-04-16,84,0,0,4,12
"Item 000026",2023-04-16,62,0,0,4,8
"Item 000027",2023-04-16,0,0,0,4,8
"Item 000028",2023-04-16,0,0,0,6,10
"Item 000029",2023-04-16,679,0,0,4,12
"Item 000030",2023-04-16,717,0,0,4,12
"Item 000031",2023-04-16,34,0,0,6,8
"Item 000032",2023-04-16,1141,0,0,6,8
"Item 000033",2023-04-16,3342,0,0,6,8
"Item 000034",2023-04-16,0,0,0,6,8
"Item 000035",2023-04-16,150,0,0,6,8
"Item 000036",2023-04-16,23,0,0,6,8
"Item 000037",2023-04-16,20,0,0,6,8
"Item 000038",2023-04-16,1117,0,0,6,8
"Item 000039",2023-04-16,90,0,0,6,8
"Item 000040",2023-04-16,106,0,0,6,8
"Item 000041",2023-04-16,1320,0,0,6,8
"Item 000042",2023-04-16,357,0,0,6,8
"Item 000043",2023-04-16,653,0,0,6,8
"Item 000044",2023-04-16,785,0,0,6,8
"Item 000045",2023-04-16,26,0,0,6,8
"Item 000046",2023-04-16,180,0,0,6,8
"Item 000047",2023-04-16,0,0,0,6,8
"Item 000048",2023-04-16,211,0,0,6,8
"Item 000049",2023-04-16,605,0,0,6,8
"Item 000050",2023-04-16,49,0,0,6,8
"Item 000001",2023-04-23,161,0,0,4,8
"Item 000002",2023-04-23,33,0,0,4,6
"Item 000003",2023-04-23,124,0,0,4,12
"Item 000004",2023-04-23,103,0,0,6,6
"Item 000005",2023-04-23,26,0,0,4,12
"Item 000006",2023-04-23,617,0,0,6,6
"Item 000007",2023-04-23,83,0,0,4,8
"Item 000008",2023-04-23,722,0,0,6,10
"Item 000009",2023-04-23,97,0,0,4,12
"Item 000010",2023-04-23,63,0,0,4,12
"Item 000011",2023-04-23,96,0,0,4,8
"Item 000012",2023-04-23,56,0,0,4,12
"Item 000013",2023-04-23,915,0,0,6,10
"Item 000014",2023-04-23,81,0,0,6,10
"Item 000015",2023-04-23,91,0,0,6,12
"Item 000016",2023-04-23,542,0,0,6,10
"Item 000017",2023-04-23,21,0,0,4,12
"Item 000018",2023-04-23,570,0,0,6,8
"Item 000019",2023-04-23,98,0,0,4,26
"Item 000020",2023-04-23,720,0,0,6,10
"Item 000021",2023-04-23,170,0,0,4,12
"Item 000022",2023-04-23,61,0,0,6,12
"Item 000023",2023-04-23,74,0,0,6,26
"Item 000024",2023-04-23,50,0,0,6,26
"Item 000025",2023-04-23,61,0,0,4,12
"Item 000026",2023-04-23,53,0,0,4,8
"Item 000027",2023-04-23,0,0,0,4,8
"Item 000028",2023-04-23,0,0,0,6,10
"Item 000029",2023-04-23,844,0,0,4,12
"Item 000030",2023-04-23,809,0,0,4,12
"Item 000031",2023-04-23,29,0,0,6,8
"Item 000032",2023-04-23,978,0,0,6,8
"Item 000033",2023-04-23,2864,0,0,6,8
"Item 000034",2023-04-23,0,0,0,6,8
"Item 000035",2023-04-23,128,0,0,6,8
"Item 000036",2023-04-23,20,0,0,6,8
"Item 000037",2023-04-23,17,0,0,6,8
"Item 000038",2023-04-23,958,0,0,6,8
"Item 000039",2023-04-23,77,0,0,6,8
"Item 000040",2023-04-23,91,0,0,6,8
"Item 000041",2023-04-23,1131,0,0,6,8
"Item 000042",2023-04-23,306,0,0,6,8
"Item 000043",2023-04-23,560,0,0,6,8
"Item 000044",2023-04-23,868,0,0,6,8
"Item 000045",2023-04-23,23,0,0,6,8
"Item 000046",2023-04-23,154,0,0,6,8
"Item 000047",2023-04-23,0,0,0,6,8
"Item 000048",2023-04-23,181,0,0,6,8
"Item 000049",2023-04-23,519,0,0,6,8
"Item 000050",2023-04-23,42,0,0,6,8
"Item 000001",2023-04-30,161,0,0,4,8
"Item 000002",2023-04-30,21,0,0,4,6
"Item 000003",2023-04-30,46,0,0,4,12
"Item 000004",2023-04-30,62,0,0,6,6
"Item 000005",2023-04-30,26,0,0,4,12
"Item 000006",2023-04-30,561,0,0,6,6
"Item 000007",2023-04-30,88,0,0,4,8
"Item 000008",2023-04-30,867,0,0,6,10
"Item 000009",2023-04-30,84,0,0,4,12
"Item 000010",2023-04-30,110,0,0,4,12
"Item 000011",2023-04-30,87,0,0,4,8
"Item 000012",2023-04-30,71,0,0,4,12
"Item 000013",2023-04-30,854,0,0,6,10
"Item 000014",2023-04-30,100,0,0,6,10
"Item 000015",2023-04-30,85,0,0,6,12
"Item 000016",2023-04-30,901,0,0,6,10
"Item 000017",2023-04-30,22,0,0,4,12
"Item 000018",2023-04-30,883,0,0,6,8
"Item 000019",2023-04-30,71,0,0,4,26
"Item 000020",2023-04-30,855,0,0,6,10
"Item 000021",2023-04-30,170,0,0,4,12
"Item 000022",2023-04-30,75,0,0,6,12
"Item 000023",2023-04-30,91,0,0,6,26
"Item 000024",2023-04-30,95,0,0,6,26
"Item 000025",2023-04-30,77,0,0,4,12
"Item 000026",2023-04-30,57,0,0,4,8
"Item 000027",2023-04-30,74,0,0,4,8
"Item 000028",2023-04-30,82,0,0,6,10
"Item 000029",2023-04-30,689,0,0,4,12
"Item 000030",2023-04-30,874,0,0,4,12
"Item 000031",2023-04-30,29,0,0,6,8
"Item 000032",2023-04-30,978,0,0,6,8
"Item 000033",2023-04-30,2744,0,0,6,8
"Item 000034",2023-04-30,0,0,0,6,8
"Item 000035",2023-04-30,174,0,0,6,8
"Item 000036",2023-04-30,5,0,0,6,8
"Item 000037",2023-04-30,17,0,0,6,8
"Item 000038",2023-04-30,1695,0,0,6,8
"Item 000039",2023-04-30,105,0,0,6,8
"Item 000040",2023-04-30,91,0,0,6,8
"Item 000041",2023-04-30,1350,0,0,6,8
"Item 000042",2023-04-30,332,0,0,6,8
"Item 000043",2023-04-30,735,0,0,6,8
"Item 000044",2023-04-30,547,0,0,6,8
"Item 000045",2023-04-30,17,0,0,6,8
"Item 000046",2023-04-30,201,0,0,6,8
"Item 000047",2023-04-30,74,0,0,6,8
"Item 000048",2023-04-30,378,0,0,6,8
"Item 000049",2023-04-30,340,0,0,6,8
"Item 000050",2023-04-30,43,0,0,6,8
"Item 000001",2023-05-07,187,0,0,4,8
"Item 000002",2023-05-07,24,0,0,4,6
"Item 000003",2023-05-07,53,0,0,4,12
"Item 000004",2023-05-07,72,0,0,6,6
"Item 000005",2023-05-07,31,0,0,4,12
"Item 000006",2023-05-07,656,0,0,6,6
"Item 000007",2023-05-07,70,0,0,4,8
"Item 000008",2023-05-07,655,0,0,6,10
"Item 000009",2023-05-07,73,0,0,4,12
"Item 000010",2023-05-07,128,0,0,4,12
"Item 000011",2023-05-07,74,0,0,4,8
"Item 000012",2023-05-07,94,0,0,4,12
"Item 000013",2023-05-07,880,0,0,6,10
"Item 000014",2023-05-07,77,0,0,6,10
"Item 000015",2023-05-07,98,0,0,6,12
"Item 000016",2023-05-07,777,0,0,6,10
"Item 000017",2023-05-07,23,0,0,4,12
"Item 000018",2023-05-07,914,0,0,6,8
"Item 000019",2023-05-07,76,0,0,4,26
"Item 000020",2023-05-07,609,0,0,6,10
"Item 000021",2023-05-07,198,0,0,4,12
"Item 000022",2023-05-07,85,0,0,6,12
"Item 000023",2023-05-07,57,0,0,6,26
"Item 000024",2023-05-07,65,0,0,6,26
"Item 000025",2023-05-07,54,0,0,4,12
"Item 000026",2023-05-07,97,0,0,4,8
"Item 000027",2023-05-07,86,0,0,4,8
"Item 000028",2023-05-07,95,0,0,6,10
"Item 000029",2023-05-07,916,0,0,4,12
"Item 000030",2023-05-07,547,0,0,4,12
"Item 000031",2023-05-07,34,0,0,6,8
"Item 000032",2023-05-07,1141,0,0,6,8
"Item 000033",2023-05-07,3201,0,0,6,8
"Item 000034",2023-05-07,0,0,0,6,8
"Item 000035",2023-05-07,203,0,0,6,8
"Item 000036",2023-05-07,6,0,0,6,8
"Item 000037",2023-05-07,20,0,0,6,8
"Item 000038",2023-05-07,1977,0,0,6,8
"Item 000039",2023-05-07,122,0,0,6,8
"Item 000040",2023-05-07,106,0,0,6,8
"Item 000041",2023-05-07,1575,0,0,6,8
"Item 000042",2023-05-07,387,0,0,6,8
"Item 000043",2023-05-07,858,0,0,6,8
"Item 000044",2023-05-07,919,0,0,6,8
"Item 000045",2023-05-07,20,0,0,6,8
"Item 000046",2023-05-07,234,0,0,6,8
"Item 000047",2023-05-07,86,0,0,6,8
"Item 000048",2023-05-07,441,0,0,6,8
"Item 000049",2023-05-07,397,0,0,6,8
"Item 000050",2023-05-07,50,0,0,6,8
"Item 000001",2023-05-14,187,0,0,4,8
"Item 000002",2023-05-14,24,0,0,4,6
"Item 000003",2023-05-14,53,0,0,4,12
"Item 000004",2023-05-14,72,0,0,6,6
"Item 000005",2023-05-14,31,0,0,4,12
"Item 000006",2023-05-14,949,0,0,6,6
"Item 000007",2023-05-14,61,0,0,4,8
"Item 000008",2023-05-14,994,0,0,6,10
"Item 000009",2023-05-14,51,0,0,4,12
"Item 000010",2023-05-14,128,0,0,4,12
"Item 000011",2023-05-14,77,0,0,4,8
"Item 000012",2023-05-14,92,0,0,4,12
"Item 000013",2023-05-14,698,0,0,6,10
"Item 000014",2023-05-14,97,0,0,6,10
"Item 000015",2023-05-14,59,0,0,6,12
"Item 000016",2023-05-14,991,0,0,6,10
"Item 000017",2023-05-14,24,0,0,4,12
"Item 000018",2023-05-14,988,0,0,6,8
"Item 000019",2023-05-14,94,0,0,4,26
"Item 000020",2023-05-14,997,0,0,6,10
"Item 000021",2023-05-14,198,0,0,4,12
"Item 000022",2023-05-14,63,0,0,6,12
"Item 000023",2023-05-14,82,0,0,6,26
"Item 000024",2023-05-14,60,0,0,6,26
"Item 000025",2023-05-14,68,0,0,4,12
"Item 000026",2023-05-14,67,0,0,4,8
"Item 000027",2023-05-14,86,0,0,4,8
"Item 000028",2023-05-14,95,0,0,6,10
"Item 000029",2023-05-14,764,0,0,4,12
"Item 000030",2023-05-14,690,0,0,4,12
"Item 000031",2023-05-14,34,0,0,6,8
"Item 000032",2023-05-14,1141,0,0,6,8
"Item 000033",2023-05-14,3201,0,0,6,8
"Item 000034",2023-05-14,0,0,0,6,8
"Item 000035",2023-05-14,203,0,0,6,8
"Item 000036",2023-05-14,6,0,0,6,8
"Item 000037",2023-05-14,20,0,0,6,8
"Item 000038",2023-05-14,1977,0,0,6,8
"Item 000039",2023-05-14,122,0,0,6,8
"Item 000040",2023-05-14,106,0,0,6,8
"Item 000041",2023-05-14,1575,0,0,6,8
"Item 000042",2023-05-14,387,0,0,6,8
"Item 000043",2023-05-14,858,0,0,6,8
"Item 000044",2023-05-14,830,0,0,6,8
"Item 000045",2023-05-14,20,0,0,6,8
"Item 000046",2023-05-14,234,0,0,6,8
"Item 000047",2023-05-14,86,0,0,6,8
"Item 000048",2023-05-14,441,0,0,6,8
"Item 000049",2023-05-14,397,0,0,6,8
"Item 000050",2023-05-14,50,0,0,6,8
"Item 000001",2023-05-21,187,0,0,4,8
"Item 000002",2023-05-21,24,0,0,4,6
"Item 000003",2023-05-21,53,0,0,4,12
"Item 000004",2023-05-21,72,0,0,6,6
"Item 000005",2023-05-21,31,0,0,4,12
"Item 000006",2023-05-21,843,0,0,6,6
"Item 000007",2023-05-21,62,0,0,4,8
"Item 000008",2023-05-21,689,0,0,6,10
"Item 000009",2023-05-21,60,0,0,4,12
"Item 000010",2023-05-21,128,0,0,4,12
"Item 000011",2023-05-21,80,0,0,4,8
"Item 000012",2023-05-21,66,0,0,4,12
"Item 000013",2023-05-21,854,0,0,6,10
"Item 000014",2023-05-21,54,0,0,6,10
"Item 000015",2023-05-21,64,0,0,6,12
"Item 000016",2023-05-21,580,0,0,6,10
"Item 000017",2023-05-21,25,0,0,4,12
"Item 000018",2023-05-21,911,0,0,6,8
"Item 000019",2023-05-21,73,0,0,4,26
"Item 000020",2023-05-21,920,0,0,6,10
"Item 000021",2023-05-21,198,0,0,4,12
"Item 000022",2023-05-21,53,0,0,6,12
"Item 000023",2023-05-21,71,0,0,6,26
"Item 000024",2023-05-21,94,0,0,6,26
"Item 000025",2023-05-21,99,0,0,4,12
"Item 000026",2023-05-21,99,0,0,4,8
"Item 000027",2023-05-21,86,0,0,4,8
"Item 000028",2023-05-21,95,0,0,6,10
"Item 000029",2023-05-21,630,0,0,4,12
"Item 000030",2023-05-21,822,0,0,4,12
"Item 000031",2023-05-21,34,0,0,6,8
"Item 000032",2023-05-21,1141,0,0,6,8
"Item 000033",2023-05-21,3201,0,0,6,8
"Item 000034",2023-05-21,0,0,0,6,8
"Item 000035",2023-05-21,203,0,0,6,8
"Item 000036",2023-05-21,6,0,0,6,8
"Item 000037",2023-05-21,20,0,0,6,8
"Item 000038",2023-05-21,1977,0,0,6,8
"Item 000039",2023-05-21,122,0,0,6,8
"Item 000040",2023-05-21,106,0,0,6,8
"Item 000041",2023-05-21,1575,0,0,6,8
"Item 000042",2023-05-21,387,0,0,6,8
"Item 000043",2023-05-21,858,0,0,6,8
"Item 000044",2023-05-21,969,0,0,6,8
"Item 000045",2023-05-21,20,0,0,6,8
"Item 000046",2023-05-21,234,0,0,6,8
"Item 000047",2023-05-21,86,0,0,6,8
"Item 000048",2023-05-21,441,0,0,6,8
"Item 000049",2023-05-21,397,0,0,6,8
"Item 000050",2023-05-21,50,0,0,6,8
"Item 000001",2023-05-28,107,0,0,4,8
"Item 000002",2023-05-28,9,0,0,4,6
"Item 000003",2023-05-28,70,0,0,4,12
"Item 000004",2023-05-28,42,0,0,6,6
"Item 000005",2023-05-28,18,0,0,4,12
"Item 000006",2023-05-28,558,0,0,6,6
"Item 000007",2023-05-28,51,0,0,4,8
"Item 000008",2023-05-28,777,0,0,6,10
"Item 000009",2023-05-28,29,0,0,4,12
"Item 000010",2023-05-28,45,0,0,4,12
"Item 000011",2023-05-28,55,0,0,4,8
"Item 000012",2023-05-28,52,0,0,4,12
"Item 000013",2023-05-28,529,0,0,6,10
"Item 000014",2023-05-28,50,0,0,6,10
"Item 000015",2023-05-28,70,0,0,6,12
"Item 000016",2023-05-28,692,0,0,6,10
"Item 000017",2023-05-28,26,0,0,4,12
"Item 000018",2023-05-28,867,0,0,6,8
"Item 000019",2023-05-28,98,0,0,4,26
"Item 000020",2023-05-28,724,0,0,6,10
"Item 000021",2023-05-28,29,0,0,4,12
"Item 000022",2023-05-28,68,0,0,6,12
"Item 000023",2023-05-28,57,0,0,6,26
"Item 000024",2023-05-28,78,0,0,6,26
"Item 000025",2023-05-28,79,0,0,4,12
"Item 000026",2023-05-28,50,0,0,4,8
"Item 000027",2023-05-28,37,0,0,4,8
"Item 000028",2023-05-28,28,0,0,6,10
"Item 000029",2023-05-28,800,0,0,4,12
"Item 000030",2023-05-28,549,0,0,4,12
"Item 000031",2023-05-28,19,0,0,6,8
"Item 000032",2023-05-28,163,0,0,6,8
"Item 000033",2023-05-28,1032,0,0,6,8
"Item 000034",2023-05-28,0,0,0,6,8
"Item 000035",2023-05-28,91,0,0,6,8
"Item 000036",2023-05-28,2,0,0,6,8
"Item 000037",2023-05-28,12,0,0,6,8
"Item 000038",2023-05-28,870,0,0,6,8
"Item 000039",2023-05-28,65,0,0,6,8
"Item 000040",2023-05-28,16,0,0,6,8
"Item 000041",2023-05-28,909,0,0,6,8
"Item 000042",2023-05-28,56,0,0,6,8
"Item 000043",2023-05-28,479,0,0,6,8
"Item 000044",2023-05-28,822,0,0,6,8
"Item 000045",2023-05-28,13,0,0,6,8
"Item 000046",2023-05-28,124,0,0,6,8
"Item 000047",2023-05-28,24,0,0,6,8
"Item 000048",2023-05-28,144,0,0,6,8
"Item 000049",2023-05-28,171,0,0,6,8
"Item 000050",2023-05-28,70,0,0,6,8
"Item 000001",2023-06-04,187,0,0,4,8
"Item 000002",2023-06-04,13,0,0,4,6
"Item 000003",2023-06-04,145,0,0,4,12
"Item 000004",2023-06-04,72,0,0,6,6
"Item 000005",2023-06-04,31,0,0,4,12
"Item 000006",2023-06-04,971,0,0,6,6
"Item 000007",2023-06-04,64,0,0,4,8
"Item 000008",2023-06-04,742,0,0,6,10
"Item 000009",2023-06-04,66,0,0,4,12
"Item 000010",2023-06-04,62,0,0,4,12
"Item 000011",2023-06-04,81,0,0,4,8
"Item 000012",2023-06-04,53,0,0,4,12
"Item 000013",2023-06-04,696,0,0,6,10
"Item 000014",2023-06-04,88,0,0,6,10
"Item 000015",2023-06-04,57,0,0,6,12
"Item 000016",2023-06-04,953,0,0,6,10
"Item 000017",2023-06-04,27,0,0,4,12
"Item 000018",2023-06-04,843,0,0,6,8
"Item 000019",2023-06-04,69,0,0,4,26
"Item 000020",2023-06-04,772,0,0,6,10
"Item 000021",2023-06-04,82,0,0,4,12
"Item 000022",2023-06-04,64,0,0,6,12
"Item 000023",2023-06-04,71,0,0,6,26
"Item 000024",2023-06-04,55,0,0,6,26
"Item 000025",2023-06-04,66,0,0,4,12
"Item 000026",2023-06-04,83,0,0,4,8
"Item 000027",2023-06-04,57,0,0,4,8
"Item 000028",2023-06-04,32,0,0,6,10
"Item 000029",2023-06-04,754,0,0,4,12
"Item 000030",2023-06-04,887,0,0,4,12
"Item 000031",2023-06-04,34,0,0,6,8
"Item 000032",2023-06-04,0,0,0,6,8
"Item 000033",2023-06-04,1340,0,0,6,8
"Item 000034",2023-06-04,0,0,0,6,8
"Item 000035",2023-06-04,143,0,0,6,8
"Item 000036",2023-06-04,3,0,0,6,8
"Item 000037",2023-06-04,20,0,0,6,8
"Item 000038",2023-06-04,1372,0,0,6,8
"Item 000039",2023-06-04,110,0,0,6,8
"Item 000040",2023-06-04,0,0,0,6,8
"Item 000041",2023-06-04,1596,0,0,6,8
"Item 000042",2023-06-04,0,0,0,6,8
"Item 000043",2023-06-04,831,0,0,6,8
"Item 000044",2023-06-04,543,0,0,6,8
"Item 000045",2023-06-04,23,0,0,6,8
"Item 000046",2023-06-04,211,0,0,6,8
"Item 000047",2023-06-04,27,0,0,6,8
"Item 000048",2023-06-04,189,0,0,6,8
"Item 000049",2023-06-04,265,0,0,6,8
"Item 000050",2023-06-04,145,0,0,6,8
"Item 000001",2023-06-11,187,0,0,4,8
"Item 000002",2023-06-11,13,0,0,4,6
"Item 000003",2023-06-11,145,0,0,4,12
"Item 000004",2023-06-11,72,0,0,6,6
"Item 000005",2023-06-11,31,0,0,4,12
"Item 000006",2023-06-11,821,0,0,6,6
"Item 000007",2023-06-11,74,0,0,4,8
"Item 000008",2023-06-11,576,0,0,6,10
"Item 000009",2023-06-11,66,0,0,4,12
"Item 000010",2023-06-11,62,0,0,4,12
"Item 000011",2023-06-11,91,0,0,4,8
"Item 000012",2023-06-11,73,0,0,4,12
"Item 000013",2023-06-11,750,0,0,6,10
"Item 000014",2023-06-11,53,0,0,6,10
"Item 000015",2023-06-11,93,0,0,6,12
"Item 000016",2023-06-11,534,0,0,6,10
"Item 000017",2023-06-11,28,0,0,4,12
"Item 000018",2023-06-11,949,0,0,6,8
"Item 000019",2023-06-11,73,0,0,4,26
"Item 000020",2023-06-11,727,0,0,6,10
"Item 000021",2023-06-11,100,0,0,4,12
"Item 000022",2023-06-11,95,0,0,6,12
"Item 000023",2023-06-11,71,0,0,6,26
"Item 000024",2023-06-11,70,0,0,6,26
"Item 000025",2023-06-11,53,0,0,4,12
"Item 000026",2023-06-11,63,0,0,4,8
"Item 000027",2023-06-11,57,0,0,4,8
"Item 000028",2023-06-11,32,0,0,6,10
"Item 000029",2023-06-11,567,0,0,4,12
"Item 000030",2023-06-11,596,0,0,4,12
"Item 000031",2023-06-11,34,0,0,6,8
"Item 000032",2023-06-11,0,0,0,6,8
"Item 000033",2023-06-11,1340,0,0,6,8
"Item 000034",2023-06-11,0,0,0,6,8
"Item 000035",2023-06-11,143,0,0,6,8
"Item 000036",2023-06-11,3,0,0,6,8
"Item 000037",2023-06-11,20,0,0,6,8
"Item 000038",2023-06-11,1372,0,0,6,8
"Item 000039",2023-06-11,110,0,0,6,8
"Item 000040",2023-06-11,0,0,0,6,8
"Item 000041",2023-06-11,1596,0,0,6,8
"Item 000042",2023-06-11,0,0,0,6,8
"Item 000043",2023-06-11,831,0,0,6,8
"Item 000044",2023-06-11,904,0,0,6,8
"Item 000045",2023-06-11,23,0,0,6,8
"Item 000046",2023-06-11,211,0,0,6,8
"Item 000047",2023-06-11,27,0,0,6,8
"Item 000048",2023-06-11,189,0,0,6,8
"Item 000049",2023-06-11,265,0,0,6,8
"Item 000050",2023-06-11,145,0,0,6,8
"Item 000001",2023-06-18,187,0,0,4,8
"Item 000002",2023-06-18,13,0,0,4,6
"Item 000003",2023-06-18,145,0,0,4,12
"Item 000004",2023-06-18,72,0,0,6,6
"Item 000005",2023-06-18,31,0,0,4,12
"Item 000006",2023-06-18,627,0,0,6,6
"Item 000007",2023-06-18,61,0,0,4,8
"Item 000008",2023-06-18,776,0,0,6,10
"Item 000009",2023-06-18,66,0,0,4,12
"Item 000010",2023-06-18,62,0,0,4,12
"Item 000011",2023-06-18,70,0,0,4,8
"Item 000012",2023-06-18,91,0,0,4,12
"Item 000013",2023-06-18,505,0,0,6,10
"Item 000014",2023-06-18,79,0,0,6,10
"Item 000015",2023-06-18,90,0,0,6,12
"Item 000016",2023-06-18,708,0,0,6,10
"Item 000017",2023-06-18,29,0,0,4,12
"Item 000018",2023-06-18,876,0,0,6,8
"Item 000019",2023-06-18,95,0,0,4,26
"Item 000020",2023-06-18,570,0,0,6,10
"Item 000021",2023-06-18,87,0,0,4,12
"Item 000022",2023-06-18,55,0,0,6,12
"Item 000023",2023-06-18,97,0,0,6,26
"Item 000024",2023-06-18,93,0,0,6,26
"Item 000025",2023-06-18,50,0,0,4,12
"Item 000026",2023-06-18,76,0,0,4,8
"Item 000027",2023-06-18,57,0,0,4,8
"Item 000028",2023-06-18,32,0,0,6,10
"Item 000029",2023-06-18,959,0,0,4,12
"Item 000030",2023-06-18,570,0,0,4,12
"Item 000031",2023-06-18,34,0,0,6,8
"Item 000032",2023-06-18,0,0,0,6,8
"Item 000033",2023-06-18,1340,0,0,6,8
"Item 000034",2023-06-18,0,0,0,6,8
"Item 000035",2023-06-18,143,0,0,6,8
"Item 000036",2023-06-18,3,0,0,6,8
"Item 000037",2023-06-18,20,0,0,6,8
"Item 000038",2023-06-18,1372,0,0,6,8
"Item 000039",2023-06-18,110,0,0,6,8
"Item 000040",2023-06-18,0,0,0,6,8
"Item 000041",2023-06-18,1596,0,0,6,8
"Item 000042",2023-06-18,0,0,0,6,8
"Item 000043",2023-06-18,831,0,0,6,8
"Item 000044",2023-06-18,779,0,0,6,8
"Item 000045",2023-06-18,23,0,0,6,8
"Item 000046",2023-06-18,211,0,0,6,8
"Item 000047",2023-06-18,27,0,0,6,8
"Item 000048",2023-06-18,189,0,0,6,8
"Item 000049",2023-06-18,265,0,0,6,8
"Item 000050",2023-06-18,145,0,0,6,8
"Item 000001",2023-06-25,107,0,0,4,8
"Item 000002",2023-06-25,8,0,0,4,6
"Item 000003",2023-06-25,83,0,0,4,12
"Item 000004",2023-06-25,42,0,0,6,6
"Item 000005",2023-06-25,18,0,0,4,12
"Item 000006",2023-06-25,955,0,0,6,6
"Item 000007",2023-06-25,89,0,0,4,8
"Item 000008",2023-06-25,687,0,0,6,10
"Item 000009",2023-06-25,38,0,0,4,12
"Item 000010",2023-06-25,36,0,0,4,12
"Item 000011",2023-06-25,76,0,0,4,8
"Item 000012",2023-06-25,73,0,0,4,12
"Item 000013",2023-06-25,929,0,0,6,10
"Item 000014",2023-06-25,74,0,0,6,10
"Item 000015",2023-06-25,67,0,0,6,12
"Item 000016",2023-06-25,721,0,0,6,10
"Item 000017",2023-06-25,30,0,0,4,12
"Item 000018",2023-06-25,562,0,0,6,8
"Item 000019",2023-06-25,81,0,0,4,26
"Item 000020",2023-06-25,586,0,0,6,10
"Item 000021",2023-06-25,52,0,0,4,12
"Item 000022",2023-06-25,74,0,0,6,12
"Item 000023",2023-06-25,61,0,0,6,26
"Item 000024",2023-06-25,86,0,0,6,26
"Item 000025",2023-06-25,85,0,0,4,12
"Item 000026",2023-06-25,91,0,0,4,8
"Item 000027",2023-06-25,33,0,0,4,8
"Item 000028",2023-06-25,19,0,0,6,10
"Item 000029",2023-06-25,850,0,0,4,12
"Item 000030",2023-06-25,830,0,0,4,12
"Item 000031",2023-06-25,19,0,0,6,8
"Item 000032",2023-06-25,0,0,0,6,8
"Item 000033",2023-06-25,766,0,0,6,8
"Item 000034",2023-06-25,0,0,0,6,8
"Item 000035",2023-06-25,82,0,0,6,8
"Item 000036",2023-06-25,2,0,0,6,8
"Item 000037",2023-06-25,12,0,0,6,8
"Item 000038",2023-06-25,784,0,0,6,8
"Item 000039",2023-06-25,63,0,0,6,8
"Item 000040",2023-06-25,0,0,0,6,8
"Item 000041",2023-06-25,912,0,0,6,8
"Item 000042",2023-06-25,0,0,0,6,8
"Item 000043",2023-06-25,475,0,0,6,8
"Item 000044",2023-06-25,890,0,0,6,8
"Item 000045",2023-06-25,14,0,0,6,8
"Item 000046",2023-06-25,121,0,0,6,8
"Item 000047",2023-06-25,16,0,0,6,8
"Item 000048",2023-06-25,108,0,0,6,8
"Item 000049",2023-06-25,152,0,0,6,8
"Item 000050",2023-06-25,83,0,0,6,8
